<?xml version="1.0" encoding="UTF-8"?>
<!--
 This is a WordPress eXtended RSS file generated by WordPress as an export of your site.
 It contains information about your site's posts, pages, comments, categories, and other content.
 You may use this file to transfer that content from one site to another.
 This file is not intended to serve as a complete backup of your site.

 To import this information into a WordPress site follow these steps:
 1. Log in to that site as an administrator.
 2. Go to Tools: Import in the WordPress admin panel.
 3. Install the "WordPress" importer from the list.
 4. Activate & Run Importer.
 5. Upload this file using the form provided on that page.
 6. You will first be asked to map the authors in this export file to users
    on the site. For each author, you may choose to map to an
    existing user on the site or to create a new user.
 7. WordPress will then import each of the posts, pages, comments, categories, etc.
    contained in this file into your site.
-->
<!-- generator="WordPress.com" created="2025-02-13 13:32"-->
<rss version="2.0" xmlns:excerpt="http://wordpress.org/export/1.2/excerpt/" xmlns:content="http://purl.org/rss/1.0/modules/content/" xmlns:wfw="http://wellformedweb.org/CommentAPI/" xmlns:dc="http://purl.org/dc/elements/1.1/" xmlns:wp="http://wordpress.org/export/1.2/">
  <channel>
<title>Melani Aroca</title>
<link>https://melaniarocasanchez.wordpress.com</link>
<description/>
<pubDate>Thu, 13 Feb 2025 13:32:55 +0000</pubDate>
<language>es</language>
<wp:wxr_version>1.2</wp:wxr_version>
<wp:base_site_url>http://wordpress.com/</wp:base_site_url>
<wp:base_blog_url>https://melaniarocasanchez.wordpress.com</wp:base_blog_url>
<wp:author>
  <wp:author_id>261362722</wp:author_id>
  <wp:author_login>melaniarocabsc</wp:author_login>
  <wp:author_email>melaniarocabsc@gmail.com</wp:author_email>
  <wp:author_display_name><![CDATA[melani aroca]]></wp:author_display_name>
  <wp:author_first_name><![CDATA[melani]]></wp:author_first_name>
  <wp:author_last_name><![CDATA[aroca]]></wp:author_last_name>
</wp:author>
<wp:category>
  <wp:term_id>1</wp:term_id>
  <wp:category_nicename>uncategorized</wp:category_nicename>
  <wp:category_parent/>
  <wp:cat_name><![CDATA[Uncategorized]]></wp:cat_name>
</wp:category>
<generator>http://wordpress.com/</generator>
<image>
		<url>http://s0.wp.com/i/buttonw-com.png</url>
		<title>Melani Aroca</title>
		<link>https://melaniarocasanchez.wordpress.com</link>
	</image>
	<item>
  <title><![CDATA[Sobre mi]]></title>
  <link>https://melaniarocasanchez.wordpress.com/about/</link>
  <pubDate>Tue, 28 Jan 2025 17:00:17 +0000</pubDate>
  <dc:creator>melaniarocabsc</dc:creator>
  <guid isPermaLink="false">http://melaniarocasanchez.wordpress.com/?page_id=1</guid>
  <description/>
  <content:encoded><![CDATA[<!-- wp:media-text {"mediaId":35,"mediaLink":"https://melaniarocasanchez.wordpress.com/about/melani_aroca-4/","mediaType":"image"} -->
<div class="wp-block-media-text is-stacked-on-mobile"><figure class="wp-block-media-text__media"><img src="https://melaniarocasanchez.wordpress.com/wp-content/uploads/2025/02/melani_aroca-3.jpg?w=284" alt="" class="wp-image-35 size-full" /></figure><div class="wp-block-media-text__content"><!-- wp:paragraph {"placeholder":"Contenido…"} -->
<p>Me destaco por mi habilidad para ofrecer un servicio al cliente excepcional, resolver problemas de manera eficiente y mantener una organización impecable en el área de ventas. Mi enfoque proactivo y detallista me permite contribuir positivamente al equipo y asegurar la satisfacción del cliente.</p>
<!-- /wp:paragraph --></div></div>
<!-- /wp:media-text -->

<!-- wp:columns -->
<div class="wp-block-columns"><!-- wp:column -->
<div class="wp-block-column"><!-- wp:details -->
<details class="wp-block-details"><summary>Educación</summary><!-- wp:paragraph {"placeholder":"Teclea / para añadir un bloque oculto"} -->
<p><strong>Marketing Digital y Comercio Electrónico</strong>-Instituto Tecnológico Universitario Cordillera. Abril 2024- En curso</p>
<!-- /wp:paragraph -->

<!-- wp:paragraph -->
<p><strong>Bachiller en Ciencias Generales</strong>-U.E San Jacinto del búa | Santo Domingo-2013-2024</p>
<!-- /wp:paragraph --></details>
<!-- /wp:details --></div>
<!-- /wp:column -->

<!-- wp:column -->
<div class="wp-block-column"><!-- wp:details -->
<details class="wp-block-details"><summary>Experiencia laboral</summary><!-- wp:paragraph {"placeholder":"Teclea / para añadir un bloque oculto"} -->
<p><strong> Atención al cliente</strong>-Multimarket | Abril-Octubre</p>
<!-- /wp:paragraph --></details>
<!-- /wp:details --></div>
<!-- /wp:column -->

<!-- wp:column -->
<div class="wp-block-column"><!-- wp:details -->
<details class="wp-block-details"><summary>Certificaciones</summary><!-- wp:paragraph {"placeholder":"Teclea / para añadir un bloque oculto"} -->
<p><strong>Primeros auxilios Básicos e</strong></p>
<!-- /wp:paragraph -->

<!-- wp:paragraph {"placeholder":"Teclea / para añadir un bloque oculto"} -->
<p><strong>introducción de gestión de riesgos y desastres</strong>-Ministerio de Salud Pública-1 año|2024</p>
<!-- /wp:paragraph -->

<!-- wp:paragraph {"placeholder":"Teclea / para añadir un bloque oculto"} -->
<p><strong>Certificado en Google Analytics básico</strong>-Google Skillshop | Enero 2025</p>
<!-- /wp:paragraph --></details>
<!-- /wp:details --></div>
<!-- /wp:column --></div>
<!-- /wp:columns -->

<!-- wp:table -->
<figure class="wp-block-table"><table class="has-fixed-layout"><tbody><tr><td>IDIOMA</td><td>NIVEL</td></tr><tr><td>Inglés</td><td>Básico </td></tr><tr><td>Español</td><td>Nativo</td></tr></tbody></table></figure>
<!-- /wp:table -->

<!-- wp:paragraph -->
<p></p>
<!-- /wp:paragraph -->]]></content:encoded>
  <excerpt:encoded><![CDATA[]]></excerpt:encoded>
  <wp:post_id>1</wp:post_id>
  <wp:post_date>2025-01-28 17:00:17</wp:post_date>
  <wp:post_date_gmt>2025-01-28 17:00:17</wp:post_date_gmt>
  <wp:post_modified>2025-02-10 09:57:56</wp:post_modified>
  <wp:post_modified_gmt>2025-02-10 14:57:56</wp:post_modified_gmt>
  <wp:comment_status>closed</wp:comment_status>
  <wp:ping_status>open</wp:ping_status>
  <wp:post_name>about</wp:post_name>
  <wp:status>publish</wp:status>
  <wp:post_parent>0</wp:post_parent>
  <wp:menu_order>0</wp:menu_order>
  <wp:post_type>page</wp:post_type>
  <wp:post_password/>
  <wp:is_sticky>0</wp:is_sticky>
  <wp:postmeta>
    <wp:meta_key>_wp_page_template</wp:meta_key>
    <wp:meta_value><![CDATA[default]]></wp:meta_value>
  </wp:postmeta>
  <wp:postmeta>
    <wp:meta_key>_elasticsearch_data_sharing_indexed_on</wp:meta_key>
    <wp:meta_value><![CDATA[2025-01-28 17:00:29]]></wp:meta_value>
  </wp:postmeta>
  <wp:postmeta>
    <wp:meta_key>_g_feedback_shortcode_87911d1aed509877b83a48ec536f768cdcd22df1</wp:meta_key>
    <wp:meta_value><![CDATA[
				[contact-field label="Nombre" type="name"  required="true" /]
				[contact-field label="Correo electrónico" type="email" required="true" /]
				[contact-field label="Web" type="url" /]
				[contact-field label="Mensaje" type="textarea" /]]]></wp:meta_value>
  </wp:postmeta>
  <wp:postmeta>
    <wp:meta_key>_g_feedback_shortcode_atts_87911d1aed509877b83a48ec536f768cdcd22df1</wp:meta_key>
    <wp:meta_value><![CDATA[a:17:{s:2:"to";s:24:"melaniarocabsc@gmail.com";s:7:"subject";s:23:"[Melani Aroca] Sobre mi";s:12:"show_subject";s:2:"no";s:6:"widget";i:0;s:14:"block_template";N;s:19:"block_template_part";N;s:2:"id";i:1;s:18:"submit_button_text";s:6:"Enviar";s:14:"customThankyou";s:0:"";s:21:"customThankyouHeading";s:24:"Se ha enviado tu mensaje";s:21:"customThankyouMessage";s:24:"¡Gracias por tu envío!";s:22:"customThankyouRedirect";s:0:"";s:10:"jetpackCRM";b:1;s:9:"className";N;s:9:"postToUrl";N;s:14:"salesforceData";N;s:12:"hiddenFields";N;}]]></wp:meta_value>
  </wp:postmeta>
  <wp:postmeta>
    <wp:meta_key>_last_editor_used_jetpack</wp:meta_key>
    <wp:meta_value><![CDATA[block-editor]]></wp:meta_value>
  </wp:postmeta>
</item>
<item>
  <title><![CDATA[Contacto 3]]></title>
  <link>https://melaniarocasanchez.wordpress.com/?p=4</link>
  <pubDate>Tue, 28 Jan 2025 16:55:31 +0000</pubDate>
  <dc:creator>melaniarocabsc</dc:creator>
  <guid isPermaLink="false">https://melaniarocasanchez.wordpress.com/2025/01/28/el-arte-de-la-conexion/</guid>
  <description/>
  <content:encoded><![CDATA[<!-- wp:group {"metadata":{"name":"Contact","categories":["contact"],"patternName":"a8c/contact-tall-image-with-form"},"align":"full","style":{"spacing":{"margin":{"top":"0","bottom":"0"},"padding":{"top":"var:preset|spacing|50","bottom":"var:preset|spacing|50"}}},"layout":{"type":"constrained","justifyContent":"center"}} -->
<div class="wp-block-group alignfull" style="margin-top:0;margin-bottom:0;padding-top:var(--wp--preset--spacing--50);padding-bottom:var(--wp--preset--spacing--50)"><!-- wp:columns {"align":"wide"} -->
<div class="wp-block-columns alignwide"><!-- wp:column {"verticalAlignment":"center","width":""} -->
<div class="wp-block-column is-vertically-aligned-center"><!-- wp:heading {"fontSize":"x-large"} -->
<h2 class="wp-block-heading has-x-large-font-size">Contáctate con nosotros</h2>
<!-- /wp:heading -->

<!-- wp:paragraph {"className":"is-contact-description"} -->
<p class="is-contact-description">Llena este formulario para más información.</p>
<!-- /wp:paragraph -->

<!-- wp:spacer {"height":"calc( 0.25 * var(\u002d\u002dwp\u002d\u002dstyle\u002d\u002droot\u002d\u002dpadding-right, var(\u002d\u002dwp\u002d\u002dcustom\u002d\u002dgap\u002d\u002dhorizontal)))"} -->
<div style="height:calc( 0.25 * var(--wp--style--root--padding-right, var(--wp--custom--gap--horizontal)))" aria-hidden="true" class="wp-block-spacer"></div>
<!-- /wp:spacer -->

<!-- wp:jetpack/contact-form {"subject":"","to":"","className":"is-style-default","textColor":"primary","style":{"elements":{"link":{"color":{"text":"var:preset|color|primary"}}}}} -->
<div class="wp-block-jetpack-contact-form is-style-default has-primary-color has-text-color has-link-color"><!-- wp:jetpack/field-name {"required":true,"borderRadius":5,"borderWidth":1} /-->

<!-- wp:jetpack/field-email {"required":true,"borderRadius":5,"borderWidth":1} /-->

<!-- wp:jetpack/field-textarea {"label":"Mensaje","borderRadius":5,"borderWidth":1} /-->

<!-- wp:jetpack/button {"element":"button","text":"Enviar","width":"","lock":{"remove":true}} /--></div>
<!-- /wp:jetpack/contact-form --></div>
<!-- /wp:column -->

<!-- wp:column -->
<div class="wp-block-column"><!-- wp:image {"lightbox":{"enabled":false},"id":45,"aspectRatio":"3/4","scale":"cover","sizeSlug":"full","linkDestination":"none"} -->
<figure class="wp-block-image size-full"><img src="https://melaniarocasanchez.wordpress.com/wp-content/uploads/2025/01/contacto-melani-aroca.jpg" alt="" class="wp-image-45" style="aspect-ratio:3/4;object-fit:cover" /></figure>
<!-- /wp:image --></div>
<!-- /wp:column --></div>
<!-- /wp:columns --></div>
<!-- /wp:group -->

<!-- wp:html -->
[googlemaps https://www.google.com/maps/embed?pb=!1m18!1m12!1m3!1d3989.803624906141!2d-78.4909646252237!3d-0.15550789984295874!2m3!1f0!2f0!3f0!3m2!1i1024!2i768!4f13.1!3m3!1m2!1s0x91d59aba9e05e6a1%3A0x606478970ed82284!2sInstituto%20Superior%20Tecnol%C3%B3gico%20Cordillera!5e0!3m2!1ses!2sec!4v1739233516521!5m2!1ses!2sec&amp;w=600&amp;h=450]
<!-- /wp:html -->]]></content:encoded>
  <excerpt:encoded><![CDATA[En un mundo en constante evolución, el arte de forjar conexiones genuinas sigue siendo atemporal. Ya sea con compañeros, clientes o socios, establecer una relación auténtica allana el camino hacia el éxito de la colaboración.]]></excerpt:encoded>
  <wp:post_id>4</wp:post_id>
  <wp:post_date>2025-01-28 11:55:31</wp:post_date>
  <wp:post_date_gmt>2025-01-28 16:55:31</wp:post_date_gmt>
  <wp:post_modified>2025-02-10 19:54:26</wp:post_modified>
  <wp:post_modified_gmt>2025-02-11 00:54:26</wp:post_modified_gmt>
  <wp:comment_status>closed</wp:comment_status>
  <wp:ping_status>closed</wp:ping_status>
  <wp:post_name>el-arte-de-la-conexion__trashed</wp:post_name>
  <wp:status>trash</wp:status>
  <wp:post_parent>0</wp:post_parent>
  <wp:menu_order>0</wp:menu_order>
  <wp:post_type>post</wp:post_type>
  <wp:post_password/>
  <wp:is_sticky>0</wp:is_sticky>
  <category domain="category" nicename="uncategorized"><![CDATA[Uncategorized]]></category>
  <wp:postmeta>
    <wp:meta_key>_publicize_job_id</wp:meta_key>
    <wp:meta_value><![CDATA[101643416341]]></wp:meta_value>
  </wp:postmeta>
  <wp:postmeta>
    <wp:meta_key>_hs_old_id</wp:meta_key>
    <wp:meta_value><![CDATA[]]></wp:meta_value>
  </wp:postmeta>
  <wp:postmeta>
    <wp:meta_key>_starter_page_template</wp:meta_key>
    <wp:meta_value><![CDATA[]]></wp:meta_value>
  </wp:postmeta>
  <wp:postmeta>
    <wp:meta_key>switch_like_status</wp:meta_key>
    <wp:meta_value><![CDATA[a:1:{i:0;N;}]]></wp:meta_value>
  </wp:postmeta>
  <wp:postmeta>
    <wp:meta_key>sharing_disabled</wp:meta_key>
    <wp:meta_value><![CDATA[a:1:{i:0;N;}]]></wp:meta_value>
  </wp:postmeta>
  <wp:postmeta>
    <wp:meta_key>_thumbnail_id</wp:meta_key>
    <wp:meta_value><![CDATA[10]]></wp:meta_value>
  </wp:postmeta>
  <wp:postmeta>
    <wp:meta_key>_elasticsearch_data_sharing_indexed_on</wp:meta_key>
    <wp:meta_value><![CDATA[2025-01-28 17:00:42]]></wp:meta_value>
  </wp:postmeta>
  <wp:postmeta>
    <wp:meta_key>_g_feedback_shortcode_1a6146c8b2b6ef7e9eb6ad30f3c58e05f6bb4b9a</wp:meta_key>
    <wp:meta_value><![CDATA[
				[contact-field label="Nombre" type="name"  required="true" /]
				[contact-field label="Correo electrónico" type="email" required="true" /]
				[contact-field label="Web" type="url" /]
				[contact-field label="Mensaje" type="textarea" /]]]></wp:meta_value>
  </wp:postmeta>
  <wp:postmeta>
    <wp:meta_key>_g_feedback_shortcode_atts_1a6146c8b2b6ef7e9eb6ad30f3c58e05f6bb4b9a</wp:meta_key>
    <wp:meta_value><![CDATA[a:17:{s:2:"to";s:24:"melaniarocabsc@gmail.com";s:7:"subject";s:38:"[Melani Aroca] El arte de la conexión";s:12:"show_subject";s:2:"no";s:6:"widget";i:0;s:14:"block_template";N;s:19:"block_template_part";N;s:2:"id";i:4;s:18:"submit_button_text";s:6:"Enviar";s:14:"customThankyou";s:0:"";s:21:"customThankyouHeading";s:24:"Se ha enviado tu mensaje";s:21:"customThankyouMessage";s:24:"¡Gracias por tu envío!";s:22:"customThankyouRedirect";s:0:"";s:10:"jetpackCRM";b:1;s:9:"className";N;s:9:"postToUrl";N;s:14:"salesforceData";N;s:12:"hiddenFields";N;}]]></wp:meta_value>
  </wp:postmeta>
  <wp:postmeta>
    <wp:meta_key>_last_editor_used_jetpack</wp:meta_key>
    <wp:meta_value><![CDATA[block-editor]]></wp:meta_value>
  </wp:postmeta>
  <wp:postmeta>
    <wp:meta_key>wpcom_is_first_post</wp:meta_key>
    <wp:meta_value><![CDATA[1]]></wp:meta_value>
  </wp:postmeta>
  <wp:postmeta>
    <wp:meta_key>_g_feedback_shortcode_d88eaa8bdeb8838663018f74cced4b3c9ee3bd6c</wp:meta_key>
    <wp:meta_value><![CDATA[
<div class="wp-block-jetpack-contact-form is-style-default has-primary-color has-text-color has-link-color">[contact-field required="1" borderRadius="5" borderWidth="1" type="name" label="Name"/]

[contact-field required="1" borderRadius="5" borderWidth="1" type="email" label="Email"/]

[contact-field label="Mensaje" borderRadius="5" borderWidth="1" type="textarea"/]

<div class="wp-block-jetpack-button wp-block-button" style="width: ;"><button class="wp-block-button__link" style="" data-id-attr="placeholder" type="submit">Enviar</button></div></div>
]]></wp:meta_value>
  </wp:postmeta>
  <wp:postmeta>
    <wp:meta_key>_g_feedback_shortcode_atts_d88eaa8bdeb8838663018f74cced4b3c9ee3bd6c</wp:meta_key>
    <wp:meta_value><![CDATA[a:17:{s:2:"to";s:0:"";s:7:"subject";s:0:"";s:12:"show_subject";s:2:"no";s:6:"widget";i:0;s:14:"block_template";N;s:19:"block_template_part";N;s:2:"id";i:4;s:18:"submit_button_text";s:6:"Submit";s:14:"customThankyou";s:0:"";s:21:"customThankyouHeading";s:26:"Your message has been sent";s:21:"customThankyouMessage";s:30:"Thank you for your submission!";s:22:"customThankyouRedirect";s:0:"";s:10:"jetpackCRM";b:1;s:9:"className";s:61:"is-style-default wp-elements-f6026d562b4475b6272f1a53f3a50923";s:9:"postToUrl";N;s:14:"salesforceData";N;s:12:"hiddenFields";N;}]]></wp:meta_value>
  </wp:postmeta>
  <wp:postmeta>
    <wp:meta_key>_wp_trash_meta_status</wp:meta_key>
    <wp:meta_value><![CDATA[publish]]></wp:meta_value>
  </wp:postmeta>
  <wp:postmeta>
    <wp:meta_key>_wp_trash_meta_time</wp:meta_key>
    <wp:meta_value><![CDATA[1739235266]]></wp:meta_value>
  </wp:postmeta>
  <wp:postmeta>
    <wp:meta_key>_wp_desired_post_slug</wp:meta_key>
    <wp:meta_value><![CDATA[el-arte-de-la-conexion]]></wp:meta_value>
  </wp:postmeta>
</item>
<item>
  <title><![CDATA[Custom Styles]]></title>
  <link>https://melaniarocasanchez.wordpress.com/2025/01/28/wp-global-styles-pub%2ffewer/</link>
  <pubDate>Tue, 28 Jan 2025 17:00:28 +0000</pubDate>
  <dc:creator>melaniarocabsc</dc:creator>
  <guid isPermaLink="false">https://melaniarocasanchez.wordpress.com/2025/01/28/wp-global-styles-pub%2ffewer/</guid>
  <description/>
  <content:encoded><![CDATA[{"version":3,"isGlobalStylesUserThemeJSON":true}]]></content:encoded>
  <excerpt:encoded><![CDATA[]]></excerpt:encoded>
  <wp:post_id>3</wp:post_id>
  <wp:post_date>2025-01-28 12:00:28</wp:post_date>
  <wp:post_date_gmt>2025-01-28 17:00:28</wp:post_date_gmt>
  <wp:post_modified>2025-01-28 12:00:28</wp:post_modified>
  <wp:post_modified_gmt>2025-01-28 17:00:28</wp:post_modified_gmt>
  <wp:comment_status>closed</wp:comment_status>
  <wp:ping_status>closed</wp:ping_status>
  <wp:post_name>wp-global-styles-pub%2ffewer</wp:post_name>
  <wp:status>publish</wp:status>
  <wp:post_parent>0</wp:post_parent>
  <wp:menu_order>0</wp:menu_order>
  <wp:post_type>wp_global_styles</wp:post_type>
  <wp:post_password/>
  <wp:is_sticky>0</wp:is_sticky>
  <category domain="wp_theme" nicename="fewer"><![CDATA[fewer]]></category>
  <wp:postmeta>
    <wp:meta_key>_publicize_pending</wp:meta_key>
    <wp:meta_value><![CDATA[1]]></wp:meta_value>
  </wp:postmeta>
</item>
<item>
  <title><![CDATA[Más allá del obstáculo]]></title>
  <link>https://melaniarocasanchez.wordpress.com/?p=5</link>
  <pubDate>Tue, 28 Jan 2025 16:55:30 +0000</pubDate>
  <dc:creator>melaniarocabsc</dc:creator>
  <guid isPermaLink="false">https://melaniarocasanchez.wordpress.com/2025/01/28/mas-alla-del-obstaculo/</guid>
  <description/>
  <content:encoded><![CDATA[<!-- wp:paragraph -->
<p>Te damos la bienvenida a WordPress. Esta es una entrada de ejemplo. Empieza tu andadura en el mundo bloguero editándola o borrándola. Para añadir más contenido aquí, haz clic en el pequeño icono del signo más situado en la esquina superior izquierda. Allí encontrarás una selección de bloques y patrones de WordPress que se adaptan a todas tus necesidades de creación de contenidos. Y no te olvides de echar un vistazo a la vista de lista: haz clic en el icono que hay unos puntos a la derecha del icono del signo más y obtendrás una lista ordenada y fácil de ver de los bloques y patrones de tu entrada.</p>
<!-- /wp:paragraph -->]]></content:encoded>
  <excerpt:encoded><![CDATA[Los retos en los negocios son un hecho, pero es nuestra respuesta a ellos lo que define nuestra trayectoria. Mirando más allá del obstáculo inmediato, existe un reino de oportunidades y aprendizaje.]]></excerpt:encoded>
  <wp:post_id>5</wp:post_id>
  <wp:post_date>2025-01-28 11:55:30</wp:post_date>
  <wp:post_date_gmt>2025-01-28 16:55:30</wp:post_date_gmt>
  <wp:post_modified>2025-02-10 19:54:33</wp:post_modified>
  <wp:post_modified_gmt>2025-02-11 00:54:33</wp:post_modified_gmt>
  <wp:comment_status>closed</wp:comment_status>
  <wp:ping_status>closed</wp:ping_status>
  <wp:post_name>mas-alla-del-obstaculo__trashed</wp:post_name>
  <wp:status>trash</wp:status>
  <wp:post_parent>0</wp:post_parent>
  <wp:menu_order>0</wp:menu_order>
  <wp:post_type>post</wp:post_type>
  <wp:post_password/>
  <wp:is_sticky>0</wp:is_sticky>
  <category domain="category" nicename="uncategorized"><![CDATA[Uncategorized]]></category>
  <wp:postmeta>
    <wp:meta_key>sharing_disabled</wp:meta_key>
    <wp:meta_value><![CDATA[a:1:{i:0;N;}]]></wp:meta_value>
  </wp:postmeta>
  <wp:postmeta>
    <wp:meta_key>switch_like_status</wp:meta_key>
    <wp:meta_value><![CDATA[a:1:{i:0;N;}]]></wp:meta_value>
  </wp:postmeta>
  <wp:postmeta>
    <wp:meta_key>_starter_page_template</wp:meta_key>
    <wp:meta_value><![CDATA[]]></wp:meta_value>
  </wp:postmeta>
  <wp:postmeta>
    <wp:meta_key>_hs_old_id</wp:meta_key>
    <wp:meta_value><![CDATA[]]></wp:meta_value>
  </wp:postmeta>
  <wp:postmeta>
    <wp:meta_key>_publicize_pending</wp:meta_key>
    <wp:meta_value><![CDATA[1]]></wp:meta_value>
  </wp:postmeta>
  <wp:postmeta>
    <wp:meta_key>_thumbnail_id</wp:meta_key>
    <wp:meta_value><![CDATA[11]]></wp:meta_value>
  </wp:postmeta>
  <wp:postmeta>
    <wp:meta_key>_elasticsearch_data_sharing_indexed_on</wp:meta_key>
    <wp:meta_value><![CDATA[2025-01-28 17:00:42]]></wp:meta_value>
  </wp:postmeta>
  <wp:postmeta>
    <wp:meta_key>_wp_trash_meta_status</wp:meta_key>
    <wp:meta_value><![CDATA[publish]]></wp:meta_value>
  </wp:postmeta>
  <wp:postmeta>
    <wp:meta_key>_wp_trash_meta_time</wp:meta_key>
    <wp:meta_value><![CDATA[1739235273]]></wp:meta_value>
  </wp:postmeta>
  <wp:postmeta>
    <wp:meta_key>_wp_desired_post_slug</wp:meta_key>
    <wp:meta_value><![CDATA[mas-alla-del-obstaculo]]></wp:meta_value>
  </wp:postmeta>
</item>
<item>
  <title><![CDATA[Crecimiento desbloqueado]]></title>
  <link>https://melaniarocasanchez.wordpress.com/?p=6</link>
  <pubDate>Tue, 28 Jan 2025 16:55:29 +0000</pubDate>
  <dc:creator>melaniarocabsc</dc:creator>
  <guid isPermaLink="false">https://melaniarocasanchez.wordpress.com/2025/01/28/crecimiento-desbloqueado/</guid>
  <description/>
  <content:encoded><![CDATA[<!-- wp:paragraph -->
<p>Te damos la bienvenida a WordPress. Esta es una entrada de ejemplo. Empieza tu andadura en el mundo bloguero editándola o borrándola. Para añadir más contenido aquí, haz clic en el pequeño icono del signo más situado en la esquina superior izquierda. Allí encontrarás una selección de bloques y patrones de WordPress que se adaptan a todas tus necesidades de creación de contenidos. Y no te olvides de echar un vistazo a la vista de lista: haz clic en el icono que hay unos puntos a la derecha del icono del signo más y obtendrás una lista ordenada y fácil de ver de los bloques y patrones de tu entrada.</p>
<!-- /wp:paragraph -->]]></content:encoded>
  <excerpt:encoded><![CDATA[Cada empresa tiene un potencial único que espera ser aprovechado. Reconocer las claves para desbloquear este crecimiento puede encaminar a una empresa hacia un éxito sin precedentes.]]></excerpt:encoded>
  <wp:post_id>6</wp:post_id>
  <wp:post_date>2025-01-28 11:55:29</wp:post_date>
  <wp:post_date_gmt>2025-01-28 16:55:29</wp:post_date_gmt>
  <wp:post_modified>2025-02-10 19:54:42</wp:post_modified>
  <wp:post_modified_gmt>2025-02-11 00:54:42</wp:post_modified_gmt>
  <wp:comment_status>closed</wp:comment_status>
  <wp:ping_status>closed</wp:ping_status>
  <wp:post_name>crecimiento-desbloqueado__trashed</wp:post_name>
  <wp:status>trash</wp:status>
  <wp:post_parent>0</wp:post_parent>
  <wp:menu_order>0</wp:menu_order>
  <wp:post_type>post</wp:post_type>
  <wp:post_password/>
  <wp:is_sticky>0</wp:is_sticky>
  <category domain="category" nicename="uncategorized"><![CDATA[Uncategorized]]></category>
  <wp:postmeta>
    <wp:meta_key>_wp_trash_meta_status</wp:meta_key>
    <wp:meta_value><![CDATA[publish]]></wp:meta_value>
  </wp:postmeta>
  <wp:postmeta>
    <wp:meta_key>sharing_disabled</wp:meta_key>
    <wp:meta_value><![CDATA[a:1:{i:0;N;}]]></wp:meta_value>
  </wp:postmeta>
  <wp:postmeta>
    <wp:meta_key>switch_like_status</wp:meta_key>
    <wp:meta_value><![CDATA[a:1:{i:0;N;}]]></wp:meta_value>
  </wp:postmeta>
  <wp:postmeta>
    <wp:meta_key>_starter_page_template</wp:meta_key>
    <wp:meta_value><![CDATA[]]></wp:meta_value>
  </wp:postmeta>
  <wp:postmeta>
    <wp:meta_key>_hs_old_id</wp:meta_key>
    <wp:meta_value><![CDATA[]]></wp:meta_value>
  </wp:postmeta>
  <wp:postmeta>
    <wp:meta_key>_publicize_pending</wp:meta_key>
    <wp:meta_value><![CDATA[1]]></wp:meta_value>
  </wp:postmeta>
  <wp:postmeta>
    <wp:meta_key>_elasticsearch_data_sharing_indexed_on</wp:meta_key>
    <wp:meta_value><![CDATA[2025-01-28 17:00:42]]></wp:meta_value>
  </wp:postmeta>
  <wp:postmeta>
    <wp:meta_key>_thumbnail_id</wp:meta_key>
    <wp:meta_value><![CDATA[12]]></wp:meta_value>
  </wp:postmeta>
  <wp:postmeta>
    <wp:meta_key>_wp_trash_meta_time</wp:meta_key>
    <wp:meta_value><![CDATA[1739235282]]></wp:meta_value>
  </wp:postmeta>
  <wp:postmeta>
    <wp:meta_key>_wp_desired_post_slug</wp:meta_key>
    <wp:meta_value><![CDATA[crecimiento-desbloqueado]]></wp:meta_value>
  </wp:postmeta>
</item>
<item>
  <title><![CDATA[Magia de la colaboración]]></title>
  <link>https://melaniarocasanchez.wordpress.com/?p=7</link>
  <pubDate>Tue, 28 Jan 2025 16:55:28 +0000</pubDate>
  <dc:creator>melaniarocabsc</dc:creator>
  <guid isPermaLink="false">https://melaniarocasanchez.wordpress.com/2025/01/28/magia-de-la-colaboracion/</guid>
  <description/>
  <content:encoded><![CDATA[<!-- wp:paragraph -->
<p>Te damos la bienvenida a WordPress. Esta es una entrada de ejemplo. Empieza tu andadura en el mundo bloguero editándola o borrándola. Para añadir más contenido aquí, haz clic en el pequeño icono del signo más situado en la esquina superior izquierda. Allí encontrarás una selección de bloques y patrones de WordPress que se adaptan a todas tus necesidades de creación de contenidos. Y no te olvides de echar un vistazo a la vista de lista: haz clic en el icono que hay unos puntos a la derecha del icono del signo más y obtendrás una lista ordenada y fácil de ver de los bloques y patrones de tu entrada.</p>
<!-- /wp:paragraph -->]]></content:encoded>
  <excerpt:encoded><![CDATA[La magia que surge de una colaboración eficaz es innegable. Cuando convergen mentes diversas con un propósito común, los resultados pueden ser transformadores.]]></excerpt:encoded>
  <wp:post_id>7</wp:post_id>
  <wp:post_date>2025-01-28 11:55:28</wp:post_date>
  <wp:post_date_gmt>2025-01-28 16:55:28</wp:post_date_gmt>
  <wp:post_modified>2025-02-10 19:54:51</wp:post_modified>
  <wp:post_modified_gmt>2025-02-11 00:54:51</wp:post_modified_gmt>
  <wp:comment_status>closed</wp:comment_status>
  <wp:ping_status>closed</wp:ping_status>
  <wp:post_name>magia-de-la-colaboracion__trashed</wp:post_name>
  <wp:status>trash</wp:status>
  <wp:post_parent>0</wp:post_parent>
  <wp:menu_order>0</wp:menu_order>
  <wp:post_type>post</wp:post_type>
  <wp:post_password/>
  <wp:is_sticky>0</wp:is_sticky>
  <category domain="category" nicename="uncategorized"><![CDATA[Uncategorized]]></category>
  <wp:postmeta>
    <wp:meta_key>_wp_trash_meta_status</wp:meta_key>
    <wp:meta_value><![CDATA[publish]]></wp:meta_value>
  </wp:postmeta>
  <wp:postmeta>
    <wp:meta_key>sharing_disabled</wp:meta_key>
    <wp:meta_value><![CDATA[a:1:{i:0;N;}]]></wp:meta_value>
  </wp:postmeta>
  <wp:postmeta>
    <wp:meta_key>switch_like_status</wp:meta_key>
    <wp:meta_value><![CDATA[a:1:{i:0;N;}]]></wp:meta_value>
  </wp:postmeta>
  <wp:postmeta>
    <wp:meta_key>_starter_page_template</wp:meta_key>
    <wp:meta_value><![CDATA[]]></wp:meta_value>
  </wp:postmeta>
  <wp:postmeta>
    <wp:meta_key>_hs_old_id</wp:meta_key>
    <wp:meta_value><![CDATA[]]></wp:meta_value>
  </wp:postmeta>
  <wp:postmeta>
    <wp:meta_key>_publicize_pending</wp:meta_key>
    <wp:meta_value><![CDATA[1]]></wp:meta_value>
  </wp:postmeta>
  <wp:postmeta>
    <wp:meta_key>_elasticsearch_data_sharing_indexed_on</wp:meta_key>
    <wp:meta_value><![CDATA[2025-01-28 17:00:42]]></wp:meta_value>
  </wp:postmeta>
  <wp:postmeta>
    <wp:meta_key>_thumbnail_id</wp:meta_key>
    <wp:meta_value><![CDATA[13]]></wp:meta_value>
  </wp:postmeta>
  <wp:postmeta>
    <wp:meta_key>_wp_trash_meta_time</wp:meta_key>
    <wp:meta_value><![CDATA[1739235291]]></wp:meta_value>
  </wp:postmeta>
  <wp:postmeta>
    <wp:meta_key>_wp_desired_post_slug</wp:meta_key>
    <wp:meta_value><![CDATA[magia-de-la-colaboracion]]></wp:meta_value>
  </wp:postmeta>
</item>
<item>
  <title><![CDATA[Triunfo del trabajo en equipo]]></title>
  <link>https://melaniarocasanchez.wordpress.com/?p=8</link>
  <pubDate>Tue, 28 Jan 2025 16:55:27 +0000</pubDate>
  <dc:creator>melaniarocabsc</dc:creator>
  <guid isPermaLink="false">https://melaniarocasanchez.wordpress.com/2025/01/28/triunfo-del-trabajo-en-equipo/</guid>
  <description/>
  <content:encoded><![CDATA[<!-- wp:paragraph -->
<p>Te damos la bienvenida a WordPress. Esta es una entrada de ejemplo. Empieza tu andadura en el mundo bloguero editándola o borrándola. Para añadir más contenido aquí, haz clic en el pequeño icono del signo más situado en la esquina superior izquierda. Allí encontrarás una selección de bloques y patrones de WordPress que se adaptan a todas tus necesidades de creación de contenidos. Y no te olvides de echar un vistazo a la vista de lista: haz clic en el icono que hay unos puntos a la derecha del icono del signo más y obtendrás una lista ordenada y fácil de ver de los bloques y patrones de tu entrada.</p>
<!-- /wp:paragraph -->]]></content:encoded>
  <excerpt:encoded><![CDATA[¿Qué fomenta un trabajo en equipo eficaz? No se trata solo de agrupar individuos y esperar lo mejor. Se trata de cultivar un entorno en el que converjan la confianza, la comunicación abierta, el respeto mutuo y una visión compartida.]]></excerpt:encoded>
  <wp:post_id>8</wp:post_id>
  <wp:post_date>2025-01-28 11:55:27</wp:post_date>
  <wp:post_date_gmt>2025-01-28 16:55:27</wp:post_date_gmt>
  <wp:post_modified>2025-02-10 19:54:56</wp:post_modified>
  <wp:post_modified_gmt>2025-02-11 00:54:56</wp:post_modified_gmt>
  <wp:comment_status>closed</wp:comment_status>
  <wp:ping_status>closed</wp:ping_status>
  <wp:post_name>triunfo-del-trabajo-en-equipo__trashed</wp:post_name>
  <wp:status>trash</wp:status>
  <wp:post_parent>0</wp:post_parent>
  <wp:menu_order>0</wp:menu_order>
  <wp:post_type>post</wp:post_type>
  <wp:post_password/>
  <wp:is_sticky>0</wp:is_sticky>
  <category domain="category" nicename="uncategorized"><![CDATA[Uncategorized]]></category>
  <wp:postmeta>
    <wp:meta_key>_wp_trash_meta_status</wp:meta_key>
    <wp:meta_value><![CDATA[publish]]></wp:meta_value>
  </wp:postmeta>
  <wp:postmeta>
    <wp:meta_key>sharing_disabled</wp:meta_key>
    <wp:meta_value><![CDATA[a:1:{i:0;N;}]]></wp:meta_value>
  </wp:postmeta>
  <wp:postmeta>
    <wp:meta_key>switch_like_status</wp:meta_key>
    <wp:meta_value><![CDATA[a:1:{i:0;N;}]]></wp:meta_value>
  </wp:postmeta>
  <wp:postmeta>
    <wp:meta_key>_starter_page_template</wp:meta_key>
    <wp:meta_value><![CDATA[]]></wp:meta_value>
  </wp:postmeta>
  <wp:postmeta>
    <wp:meta_key>_hs_old_id</wp:meta_key>
    <wp:meta_value><![CDATA[]]></wp:meta_value>
  </wp:postmeta>
  <wp:postmeta>
    <wp:meta_key>_publicize_pending</wp:meta_key>
    <wp:meta_value><![CDATA[1]]></wp:meta_value>
  </wp:postmeta>
  <wp:postmeta>
    <wp:meta_key>_elasticsearch_data_sharing_indexed_on</wp:meta_key>
    <wp:meta_value><![CDATA[2025-01-28 17:00:42]]></wp:meta_value>
  </wp:postmeta>
  <wp:postmeta>
    <wp:meta_key>_thumbnail_id</wp:meta_key>
    <wp:meta_value><![CDATA[14]]></wp:meta_value>
  </wp:postmeta>
  <wp:postmeta>
    <wp:meta_key>_wp_trash_meta_time</wp:meta_key>
    <wp:meta_value><![CDATA[1739235296]]></wp:meta_value>
  </wp:postmeta>
  <wp:postmeta>
    <wp:meta_key>_wp_desired_post_slug</wp:meta_key>
    <wp:meta_value><![CDATA[triunfo-del-trabajo-en-equipo]]></wp:meta_value>
  </wp:postmeta>
</item>
<item>
  <title><![CDATA[]]></title>
  <link>https://melaniarocasanchez.wordpress.com/?p=9</link>
  <pubDate>Tue, 28 Jan 2025 16:55:26 +0000</pubDate>
  <dc:creator>melaniarocabsc</dc:creator>
  <guid isPermaLink="false">https://melaniarocasanchez.wordpress.com/2025/01/28/ventaja-adaptativa/</guid>
  <description/>
  <content:encoded><![CDATA[]]></content:encoded>
  <excerpt:encoded><![CDATA[En un panorama empresarial en constante cambio, la adaptabilidad no es solo un rasgo: es una ventaja competitiva. Las empresas que aceptan el cambio, aprenden de los retos y pivotan cuando es necesario son las que no solo sobreviven, sino que prosperan en entornos inciertos.]]></excerpt:encoded>
  <wp:post_id>9</wp:post_id>
  <wp:post_date>2025-01-28 11:55:26</wp:post_date>
  <wp:post_date_gmt>2025-01-28 16:55:26</wp:post_date_gmt>
  <wp:post_modified>2025-02-10 19:55:03</wp:post_modified>
  <wp:post_modified_gmt>2025-02-11 00:55:03</wp:post_modified_gmt>
  <wp:comment_status>closed</wp:comment_status>
  <wp:ping_status>closed</wp:ping_status>
  <wp:post_name>ventaja-adaptativa__trashed</wp:post_name>
  <wp:status>trash</wp:status>
  <wp:post_parent>0</wp:post_parent>
  <wp:menu_order>0</wp:menu_order>
  <wp:post_type>post</wp:post_type>
  <wp:post_password/>
  <wp:is_sticky>0</wp:is_sticky>
  <category domain="category" nicename="uncategorized"><![CDATA[Uncategorized]]></category>
  <wp:postmeta>
    <wp:meta_key>_wp_trash_meta_status</wp:meta_key>
    <wp:meta_value><![CDATA[publish]]></wp:meta_value>
  </wp:postmeta>
  <wp:postmeta>
    <wp:meta_key>sharing_disabled</wp:meta_key>
    <wp:meta_value><![CDATA[a:1:{i:0;N;}]]></wp:meta_value>
  </wp:postmeta>
  <wp:postmeta>
    <wp:meta_key>switch_like_status</wp:meta_key>
    <wp:meta_value><![CDATA[a:1:{i:0;N;}]]></wp:meta_value>
  </wp:postmeta>
  <wp:postmeta>
    <wp:meta_key>_starter_page_template</wp:meta_key>
    <wp:meta_value><![CDATA[]]></wp:meta_value>
  </wp:postmeta>
  <wp:postmeta>
    <wp:meta_key>_hs_old_id</wp:meta_key>
    <wp:meta_value><![CDATA[]]></wp:meta_value>
  </wp:postmeta>
  <wp:postmeta>
    <wp:meta_key>_publicize_job_id</wp:meta_key>
    <wp:meta_value><![CDATA[101643583732]]></wp:meta_value>
  </wp:postmeta>
  <wp:postmeta>
    <wp:meta_key>_elasticsearch_data_sharing_indexed_on</wp:meta_key>
    <wp:meta_value><![CDATA[2025-01-28 17:00:42]]></wp:meta_value>
  </wp:postmeta>
  <wp:postmeta>
    <wp:meta_key>_thumbnail_id</wp:meta_key>
    <wp:meta_value><![CDATA[15]]></wp:meta_value>
  </wp:postmeta>
  <wp:postmeta>
    <wp:meta_key>_g_feedback_shortcode_faba5d7e5d3355eda19d08d927836cb8df6e0587</wp:meta_key>
    <wp:meta_value><![CDATA[
				[contact-field label="Nombre" type="name"  required="true" /]
				[contact-field label="Correo electrónico" type="email" required="true" /]
				[contact-field label="Web" type="url" /]
				[contact-field label="Mensaje" type="textarea" /]]]></wp:meta_value>
  </wp:postmeta>
  <wp:postmeta>
    <wp:meta_key>_g_feedback_shortcode_atts_faba5d7e5d3355eda19d08d927836cb8df6e0587</wp:meta_key>
    <wp:meta_value><![CDATA[a:17:{s:2:"to";s:24:"melaniarocabsc@gmail.com";s:7:"subject";s:15:"[Melani Aroca] ";s:12:"show_subject";s:2:"no";s:6:"widget";i:0;s:14:"block_template";N;s:19:"block_template_part";N;s:2:"id";i:9;s:18:"submit_button_text";s:6:"Enviar";s:14:"customThankyou";s:0:"";s:21:"customThankyouHeading";s:24:"Se ha enviado tu mensaje";s:21:"customThankyouMessage";s:24:"¡Gracias por tu envío!";s:22:"customThankyouRedirect";s:0:"";s:10:"jetpackCRM";b:1;s:9:"className";N;s:9:"postToUrl";N;s:14:"salesforceData";N;s:12:"hiddenFields";N;}]]></wp:meta_value>
  </wp:postmeta>
  <wp:postmeta>
    <wp:meta_key>_last_editor_used_jetpack</wp:meta_key>
    <wp:meta_value><![CDATA[block-editor]]></wp:meta_value>
  </wp:postmeta>
  <wp:postmeta>
    <wp:meta_key>_wp_trash_meta_time</wp:meta_key>
    <wp:meta_value><![CDATA[1739235303]]></wp:meta_value>
  </wp:postmeta>
  <wp:postmeta>
    <wp:meta_key>_wp_desired_post_slug</wp:meta_key>
    <wp:meta_value><![CDATA[ventaja-adaptativa]]></wp:meta_value>
  </wp:postmeta>
</item>
<item>
  <title><![CDATA[Contacto 3]]></title>
  <link>https://melaniarocasanchez.wordpress.com/2025/02/10/contacto-3/</link>
  <pubDate>Tue, 11 Feb 2025 01:05:23 +0000</pubDate>
  <dc:creator>melaniarocabsc</dc:creator>
  <guid isPermaLink="false">https://melaniarocasanchez.wordpress.com/?p=53</guid>
  <description/>
  <content:encoded><![CDATA[<!-- wp:group {"metadata":{"name":"Contact","categories":["contact"],"patternName":"a8c/contact-tall-image-with-form"},"align":"full","style":{"spacing":{"margin":{"top":"0","bottom":"0"},"padding":{"top":"var:preset|spacing|50","bottom":"var:preset|spacing|50"}}},"layout":{"type":"constrained","justifyContent":"center"}} -->
<div class="wp-block-group alignfull" style="margin-top:0;margin-bottom:0;padding-top:var(--wp--preset--spacing--50);padding-bottom:var(--wp--preset--spacing--50)"><!-- wp:columns {"align":"wide"} -->
<div class="wp-block-columns alignwide"><!-- wp:column {"verticalAlignment":"center","width":""} -->
<div class="wp-block-column is-vertically-aligned-center"><!-- wp:heading {"fontSize":"x-large"} -->
<h2 class="wp-block-heading has-x-large-font-size">Contáctate con nosotros</h2>
<!-- /wp:heading -->

<!-- wp:paragraph {"className":"is-contact-description"} -->
<p class="is-contact-description">Llena este formulario para más información.</p>
<!-- /wp:paragraph -->

<!-- wp:spacer {"height":"calc( 0.25 * var(\u002d\u002dwp\u002d\u002dstyle\u002d\u002droot\u002d\u002dpadding-right, var(\u002d\u002dwp\u002d\u002dcustom\u002d\u002dgap\u002d\u002dhorizontal)))"} -->
<div style="height:calc( 0.25 * var(--wp--style--root--padding-right, var(--wp--custom--gap--horizontal)))" aria-hidden="true" class="wp-block-spacer"></div>
<!-- /wp:spacer -->

<!-- wp:jetpack/contact-form {"subject":"","to":"","className":"is-style-default","textColor":"primary","style":{"elements":{"link":{"color":{"text":"var:preset|color|primary"}}}}} -->
<div class="wp-block-jetpack-contact-form is-style-default has-primary-color has-text-color has-link-color"><!-- wp:jetpack/field-name {"required":true,"borderRadius":5,"borderWidth":1} /-->

<!-- wp:jetpack/field-email {"required":true,"borderRadius":5,"borderWidth":1} /-->

<!-- wp:jetpack/field-textarea {"label":"Mensaje","borderRadius":5,"borderWidth":1} /-->

<!-- wp:jetpack/button {"element":"button","text":"Enviar","width":"","lock":{"remove":true}} /--></div>
<!-- /wp:jetpack/contact-form --></div>
<!-- /wp:column -->

<!-- wp:column -->
<div class="wp-block-column"><!-- wp:image {"lightbox":{"enabled":false},"id":55,"aspectRatio":"3/4","scale":"cover","sizeSlug":"full","linkDestination":"none"} -->
<figure class="wp-block-image size-full"><img src="https://melaniarocasanchez.wordpress.com/wp-content/uploads/2025/02/contacto-melani-aroca-2.jpg" alt="" class="wp-image-55" style="aspect-ratio:3/4;object-fit:cover" /><figcaption class="wp-element-caption">Close-up image of programmer working at his desk in office</figcaption></figure>
<!-- /wp:image --></div>
<!-- /wp:column --></div>
<!-- /wp:columns --></div>
<!-- /wp:group -->

<!-- wp:html -->
[googlemaps https://www.google.com/maps/embed?pb=!1m18!1m12!1m3!1d3989.803624906141!2d-78.4909646252237!3d-0.15550789984295874!2m3!1f0!2f0!3f0!3m2!1i1024!2i768!4f13.1!3m3!1m2!1s0x91d59aba9e05e6a1%3A0x606478970ed82284!2sInstituto%20Superior%20Tecnol%C3%B3gico%20Cordillera!5e0!3m2!1ses!2sec!4v1739233516521!5m2!1ses!2sec&amp;w=600&amp;h=450]
<!-- /wp:html -->]]></content:encoded>
  <excerpt:encoded><![CDATA[]]></excerpt:encoded>
  <wp:post_id>53</wp:post_id>
  <wp:post_date>2025-02-10 20:05:23</wp:post_date>
  <wp:post_date_gmt>2025-02-11 01:05:23</wp:post_date_gmt>
  <wp:post_modified>2025-02-10 20:05:23</wp:post_modified>
  <wp:post_modified_gmt>2025-02-11 01:05:23</wp:post_modified_gmt>
  <wp:comment_status>open</wp:comment_status>
  <wp:ping_status>open</wp:ping_status>
  <wp:post_name>contacto-3</wp:post_name>
  <wp:status>publish</wp:status>
  <wp:post_parent>0</wp:post_parent>
  <wp:menu_order>0</wp:menu_order>
  <wp:post_type>post</wp:post_type>
  <wp:post_password/>
  <wp:is_sticky>0</wp:is_sticky>
  <category domain="category" nicename="uncategorized"><![CDATA[Uncategorized]]></category>
  <wp:postmeta>
    <wp:meta_key>_g_feedback_shortcode_c05419ef1d07c7834efd2a118eeb21e3e5c6f07a</wp:meta_key>
    <wp:meta_value><![CDATA[
				[contact-field label="Nombre" type="name"  required="true" /]
				[contact-field label="Correo electrónico" type="email" required="true" /]
				[contact-field label="Web" type="url" /]
				[contact-field label="Mensaje" type="textarea" /]]]></wp:meta_value>
  </wp:postmeta>
  <wp:postmeta>
    <wp:meta_key>_g_feedback_shortcode_atts_c05419ef1d07c7834efd2a118eeb21e3e5c6f07a</wp:meta_key>
    <wp:meta_value><![CDATA[a:17:{s:2:"to";s:24:"melaniarocabsc@gmail.com";s:7:"subject";s:25:"[Melani Aroca] Contacto 3";s:12:"show_subject";s:2:"no";s:6:"widget";i:0;s:14:"block_template";N;s:19:"block_template_part";N;s:2:"id";i:53;s:18:"submit_button_text";s:6:"Enviar";s:14:"customThankyou";s:0:"";s:21:"customThankyouHeading";s:24:"Se ha enviado tu mensaje";s:21:"customThankyouMessage";s:24:"¡Gracias por tu envío!";s:22:"customThankyouRedirect";s:0:"";s:10:"jetpackCRM";b:1;s:9:"className";N;s:9:"postToUrl";N;s:14:"salesforceData";N;s:12:"hiddenFields";N;}]]></wp:meta_value>
  </wp:postmeta>
  <wp:postmeta>
    <wp:meta_key>_last_editor_used_jetpack</wp:meta_key>
    <wp:meta_value><![CDATA[block-editor]]></wp:meta_value>
  </wp:postmeta>
  <wp:postmeta>
    <wp:meta_key>_g_feedback_shortcode_d4718d4e677006eac0c61efdd6adcde73c648f22</wp:meta_key>
    <wp:meta_value><![CDATA[
<div class="wp-block-jetpack-contact-form is-style-default has-primary-color has-text-color has-link-color">[contact-field required="1" borderRadius="5" borderWidth="1" type="name" label="Nombre"/]

[contact-field required="1" borderRadius="5" borderWidth="1" type="email" label="Correo electrónico"/]

[contact-field label="Mensaje" borderRadius="5" borderWidth="1" type="textarea"/]

<div class="wp-block-jetpack-button wp-block-button" style="width: ;"><button class="wp-block-button__link" style="" data-id-attr="placeholder" type="submit">Enviar</button></div></div>
]]></wp:meta_value>
  </wp:postmeta>
  <wp:postmeta>
    <wp:meta_key>_g_feedback_shortcode_atts_d4718d4e677006eac0c61efdd6adcde73c648f22</wp:meta_key>
    <wp:meta_value><![CDATA[a:17:{s:2:"to";s:0:"";s:7:"subject";s:0:"";s:12:"show_subject";s:2:"no";s:6:"widget";i:0;s:14:"block_template";N;s:19:"block_template_part";N;s:2:"id";i:53;s:18:"submit_button_text";s:6:"Enviar";s:14:"customThankyou";s:0:"";s:21:"customThankyouHeading";s:24:"Se ha enviado tu mensaje";s:21:"customThankyouMessage";s:24:"¡Gracias por tu envío!";s:22:"customThankyouRedirect";s:0:"";s:10:"jetpackCRM";b:1;s:9:"className";s:61:"is-style-default wp-elements-f6026d562b4475b6272f1a53f3a50923";s:9:"postToUrl";N;s:14:"salesforceData";N;s:12:"hiddenFields";N;}]]></wp:meta_value>
  </wp:postmeta>
  <wp:postmeta>
    <wp:meta_key>_publicize_job_id</wp:meta_key>
    <wp:meta_value><![CDATA[101643890875]]></wp:meta_value>
  </wp:postmeta>
  <wp:postmeta>
    <wp:meta_key>timeline_notification</wp:meta_key>
    <wp:meta_value><![CDATA[1739235925]]></wp:meta_value>
  </wp:postmeta>
  <wp:postmeta>
    <wp:meta_key>_elasticsearch_data_sharing_indexed_on</wp:meta_key>
    <wp:meta_value><![CDATA[2025-02-11 00:54:47]]></wp:meta_value>
  </wp:postmeta>
</item>
<item>
  <title><![CDATA[Placeholder Image]]></title>
  <link>https://melaniarocasanchez.wordpress.com/?attachment_id=10</link>
  <pubDate>Tue, 28 Jan 2025 17:00:41 +0000</pubDate>
  <dc:creator>melaniarocabsc</dc:creator>
  <guid isPermaLink="false">http://melaniarocasanchez.files.wordpress.com/2025/01/c35dd-fewer_post_3.png</guid>
  <description/>
  <content:encoded><![CDATA[]]></content:encoded>
  <excerpt:encoded><![CDATA[]]></excerpt:encoded>
  <wp:post_id>10</wp:post_id>
  <wp:post_date>2025-01-28 12:00:41</wp:post_date>
  <wp:post_date_gmt>2025-01-28 17:00:41</wp:post_date_gmt>
  <wp:post_modified>2025-01-28 12:00:41</wp:post_modified>
  <wp:post_modified_gmt>2025-01-28 17:00:41</wp:post_modified_gmt>
  <wp:comment_status>open</wp:comment_status>
  <wp:ping_status>closed</wp:ping_status>
  <wp:post_name>placeholder-image</wp:post_name>
  <wp:status>inherit</wp:status>
  <wp:post_parent>4</wp:post_parent>
  <wp:menu_order>0</wp:menu_order>
  <wp:post_type>attachment</wp:post_type>
  <wp:post_password/>
  <wp:is_sticky>0</wp:is_sticky>
  <wp:attachment_url>https://melaniarocasanchez.wordpress.com/wp-content/uploads/2025/01/c35dd-fewer_post_3.png</wp:attachment_url>
  <wp:postmeta>
    <wp:meta_key>_wp_attached_file</wp:meta_key>
    <wp:meta_value><![CDATA[/home/wpcom/public_html/wp-content/blogs.dir/7b5/241161993/files/2025/01/c35dd-fewer_post_3.png]]></wp:meta_value>
  </wp:postmeta>
  <wp:postmeta>
    <wp:meta_key>_wp_attachment_metadata</wp:meta_key>
    <wp:meta_value><![CDATA[a:6:{s:5:"width";i:800;s:6:"height";i:532;s:4:"file";s:95:"/home/wpcom/public_html/wp-content/blogs.dir/7b5/241161993/files/2025/01/c35dd-fewer_post_3.png";s:8:"filesize";i:263038;s:5:"sizes";a:0:{}s:10:"image_meta";a:12:{s:8:"aperture";s:1:"0";s:6:"credit";s:0:"";s:6:"camera";s:0:"";s:7:"caption";s:0:"";s:17:"created_timestamp";s:1:"0";s:9:"copyright";s:0:"";s:12:"focal_length";s:1:"0";s:3:"iso";s:1:"0";s:13:"shutter_speed";s:1:"0";s:5:"title";s:0:"";s:11:"orientation";s:1:"0";s:8:"keywords";a:0:{}}}]]></wp:meta_value>
  </wp:postmeta>
</item>
<item>
  <title><![CDATA[Placeholder Image]]></title>
  <link>https://melaniarocasanchez.wordpress.com/?attachment_id=11</link>
  <pubDate>Tue, 28 Jan 2025 17:00:41 +0000</pubDate>
  <dc:creator>melaniarocabsc</dc:creator>
  <guid isPermaLink="false">http://melaniarocasanchez.files.wordpress.com/2025/01/c190e-fewer_post_4.png</guid>
  <description/>
  <content:encoded><![CDATA[]]></content:encoded>
  <excerpt:encoded><![CDATA[]]></excerpt:encoded>
  <wp:post_id>11</wp:post_id>
  <wp:post_date>2025-01-28 12:00:41</wp:post_date>
  <wp:post_date_gmt>2025-01-28 17:00:41</wp:post_date_gmt>
  <wp:post_modified>2025-01-28 12:00:41</wp:post_modified>
  <wp:post_modified_gmt>2025-01-28 17:00:41</wp:post_modified_gmt>
  <wp:comment_status>open</wp:comment_status>
  <wp:ping_status>closed</wp:ping_status>
  <wp:post_name>placeholder-image-2</wp:post_name>
  <wp:status>inherit</wp:status>
  <wp:post_parent>5</wp:post_parent>
  <wp:menu_order>0</wp:menu_order>
  <wp:post_type>attachment</wp:post_type>
  <wp:post_password/>
  <wp:is_sticky>0</wp:is_sticky>
  <wp:attachment_url>https://melaniarocasanchez.wordpress.com/wp-content/uploads/2025/01/c190e-fewer_post_4.png</wp:attachment_url>
  <wp:postmeta>
    <wp:meta_key>_wp_attached_file</wp:meta_key>
    <wp:meta_value><![CDATA[/home/wpcom/public_html/wp-content/blogs.dir/7b5/241161993/files/2025/01/c190e-fewer_post_4.png]]></wp:meta_value>
  </wp:postmeta>
  <wp:postmeta>
    <wp:meta_key>_wp_attachment_metadata</wp:meta_key>
    <wp:meta_value><![CDATA[a:6:{s:5:"width";i:800;s:6:"height";i:531;s:4:"file";s:95:"/home/wpcom/public_html/wp-content/blogs.dir/7b5/241161993/files/2025/01/c190e-fewer_post_4.png";s:8:"filesize";i:263695;s:5:"sizes";a:0:{}s:10:"image_meta";a:12:{s:8:"aperture";s:1:"0";s:6:"credit";s:0:"";s:6:"camera";s:0:"";s:7:"caption";s:0:"";s:17:"created_timestamp";s:1:"0";s:9:"copyright";s:0:"";s:12:"focal_length";s:1:"0";s:3:"iso";s:1:"0";s:13:"shutter_speed";s:1:"0";s:5:"title";s:0:"";s:11:"orientation";s:1:"0";s:8:"keywords";a:0:{}}}]]></wp:meta_value>
  </wp:postmeta>
</item>
<item>
  <title><![CDATA[Placeholder Image]]></title>
  <link>https://melaniarocasanchez.wordpress.com/?attachment_id=12</link>
  <pubDate>Tue, 28 Jan 2025 17:00:42 +0000</pubDate>
  <dc:creator>melaniarocabsc</dc:creator>
  <guid isPermaLink="false">http://melaniarocasanchez.files.wordpress.com/2025/01/b32a6-fewer_post_5.png</guid>
  <description/>
  <content:encoded><![CDATA[]]></content:encoded>
  <excerpt:encoded><![CDATA[]]></excerpt:encoded>
  <wp:post_id>12</wp:post_id>
  <wp:post_date>2025-01-28 12:00:42</wp:post_date>
  <wp:post_date_gmt>2025-01-28 17:00:42</wp:post_date_gmt>
  <wp:post_modified>2025-01-28 12:00:42</wp:post_modified>
  <wp:post_modified_gmt>2025-01-28 17:00:42</wp:post_modified_gmt>
  <wp:comment_status>open</wp:comment_status>
  <wp:ping_status>closed</wp:ping_status>
  <wp:post_name>placeholder-image-3</wp:post_name>
  <wp:status>inherit</wp:status>
  <wp:post_parent>6</wp:post_parent>
  <wp:menu_order>0</wp:menu_order>
  <wp:post_type>attachment</wp:post_type>
  <wp:post_password/>
  <wp:is_sticky>0</wp:is_sticky>
  <wp:attachment_url>https://melaniarocasanchez.wordpress.com/wp-content/uploads/2025/01/b32a6-fewer_post_5.png</wp:attachment_url>
  <wp:postmeta>
    <wp:meta_key>_wp_attached_file</wp:meta_key>
    <wp:meta_value><![CDATA[/home/wpcom/public_html/wp-content/blogs.dir/7b5/241161993/files/2025/01/b32a6-fewer_post_5.png]]></wp:meta_value>
  </wp:postmeta>
  <wp:postmeta>
    <wp:meta_key>_wp_attachment_metadata</wp:meta_key>
    <wp:meta_value><![CDATA[a:6:{s:5:"width";i:800;s:6:"height";i:532;s:4:"file";s:95:"/home/wpcom/public_html/wp-content/blogs.dir/7b5/241161993/files/2025/01/b32a6-fewer_post_5.png";s:8:"filesize";i:165117;s:5:"sizes";a:0:{}s:10:"image_meta";a:12:{s:8:"aperture";s:1:"0";s:6:"credit";s:0:"";s:6:"camera";s:0:"";s:7:"caption";s:0:"";s:17:"created_timestamp";s:1:"0";s:9:"copyright";s:0:"";s:12:"focal_length";s:1:"0";s:3:"iso";s:1:"0";s:13:"shutter_speed";s:1:"0";s:5:"title";s:0:"";s:11:"orientation";s:1:"0";s:8:"keywords";a:0:{}}}]]></wp:meta_value>
  </wp:postmeta>
</item>
<item>
  <title><![CDATA[Placeholder Image]]></title>
  <link>https://melaniarocasanchez.wordpress.com/?attachment_id=13</link>
  <pubDate>Tue, 28 Jan 2025 17:00:42 +0000</pubDate>
  <dc:creator>melaniarocabsc</dc:creator>
  <guid isPermaLink="false">http://melaniarocasanchez.files.wordpress.com/2025/01/7a39b-fewer_post_2.png</guid>
  <description/>
  <content:encoded><![CDATA[]]></content:encoded>
  <excerpt:encoded><![CDATA[]]></excerpt:encoded>
  <wp:post_id>13</wp:post_id>
  <wp:post_date>2025-01-28 12:00:42</wp:post_date>
  <wp:post_date_gmt>2025-01-28 17:00:42</wp:post_date_gmt>
  <wp:post_modified>2025-01-28 12:00:42</wp:post_modified>
  <wp:post_modified_gmt>2025-01-28 17:00:42</wp:post_modified_gmt>
  <wp:comment_status>open</wp:comment_status>
  <wp:ping_status>closed</wp:ping_status>
  <wp:post_name>placeholder-image-4</wp:post_name>
  <wp:status>inherit</wp:status>
  <wp:post_parent>7</wp:post_parent>
  <wp:menu_order>0</wp:menu_order>
  <wp:post_type>attachment</wp:post_type>
  <wp:post_password/>
  <wp:is_sticky>0</wp:is_sticky>
  <wp:attachment_url>https://melaniarocasanchez.wordpress.com/wp-content/uploads/2025/01/7a39b-fewer_post_2.png</wp:attachment_url>
  <wp:postmeta>
    <wp:meta_key>_wp_attached_file</wp:meta_key>
    <wp:meta_value><![CDATA[/home/wpcom/public_html/wp-content/blogs.dir/7b5/241161993/files/2025/01/7a39b-fewer_post_2.png]]></wp:meta_value>
  </wp:postmeta>
  <wp:postmeta>
    <wp:meta_key>_wp_attachment_metadata</wp:meta_key>
    <wp:meta_value><![CDATA[a:6:{s:5:"width";i:800;s:6:"height";i:530;s:4:"file";s:95:"/home/wpcom/public_html/wp-content/blogs.dir/7b5/241161993/files/2025/01/7a39b-fewer_post_2.png";s:8:"filesize";i:275580;s:5:"sizes";a:0:{}s:10:"image_meta";a:12:{s:8:"aperture";s:1:"0";s:6:"credit";s:0:"";s:6:"camera";s:0:"";s:7:"caption";s:0:"";s:17:"created_timestamp";s:1:"0";s:9:"copyright";s:0:"";s:12:"focal_length";s:1:"0";s:3:"iso";s:1:"0";s:13:"shutter_speed";s:1:"0";s:5:"title";s:0:"";s:11:"orientation";s:1:"0";s:8:"keywords";a:0:{}}}]]></wp:meta_value>
  </wp:postmeta>
</item>
<item>
  <title><![CDATA[Placeholder Image]]></title>
  <link>https://melaniarocasanchez.wordpress.com/?attachment_id=14</link>
  <pubDate>Tue, 28 Jan 2025 17:00:42 +0000</pubDate>
  <dc:creator>melaniarocabsc</dc:creator>
  <guid isPermaLink="false">http://melaniarocasanchez.files.wordpress.com/2025/01/bffa5-fewer_orestad_2.png</guid>
  <description/>
  <content:encoded><![CDATA[]]></content:encoded>
  <excerpt:encoded><![CDATA[]]></excerpt:encoded>
  <wp:post_id>14</wp:post_id>
  <wp:post_date>2025-01-28 12:00:42</wp:post_date>
  <wp:post_date_gmt>2025-01-28 17:00:42</wp:post_date_gmt>
  <wp:post_modified>2025-01-28 12:00:42</wp:post_modified>
  <wp:post_modified_gmt>2025-01-28 17:00:42</wp:post_modified_gmt>
  <wp:comment_status>open</wp:comment_status>
  <wp:ping_status>closed</wp:ping_status>
  <wp:post_name>placeholder-image-5</wp:post_name>
  <wp:status>inherit</wp:status>
  <wp:post_parent>8</wp:post_parent>
  <wp:menu_order>0</wp:menu_order>
  <wp:post_type>attachment</wp:post_type>
  <wp:post_password/>
  <wp:is_sticky>0</wp:is_sticky>
  <wp:attachment_url>https://melaniarocasanchez.wordpress.com/wp-content/uploads/2025/01/bffa5-fewer_orestad_2.png</wp:attachment_url>
  <wp:postmeta>
    <wp:meta_key>_wp_attached_file</wp:meta_key>
    <wp:meta_value><![CDATA[/home/wpcom/public_html/wp-content/blogs.dir/7b5/241161993/files/2025/01/bffa5-fewer_orestad_2.png]]></wp:meta_value>
  </wp:postmeta>
  <wp:postmeta>
    <wp:meta_key>_wp_attachment_metadata</wp:meta_key>
    <wp:meta_value><![CDATA[a:6:{s:5:"width";i:799;s:6:"height";i:651;s:4:"file";s:98:"/home/wpcom/public_html/wp-content/blogs.dir/7b5/241161993/files/2025/01/bffa5-fewer_orestad_2.png";s:8:"filesize";i:275178;s:5:"sizes";a:0:{}s:10:"image_meta";a:12:{s:8:"aperture";s:1:"0";s:6:"credit";s:0:"";s:6:"camera";s:0:"";s:7:"caption";s:0:"";s:17:"created_timestamp";s:1:"0";s:9:"copyright";s:0:"";s:12:"focal_length";s:1:"0";s:3:"iso";s:1:"0";s:13:"shutter_speed";s:1:"0";s:5:"title";s:0:"";s:11:"orientation";s:1:"0";s:8:"keywords";a:0:{}}}]]></wp:meta_value>
  </wp:postmeta>
</item>
<item>
  <title><![CDATA[Placeholder Image]]></title>
  <link>https://melaniarocasanchez.wordpress.com/?attachment_id=15</link>
  <pubDate>Tue, 28 Jan 2025 17:00:43 +0000</pubDate>
  <dc:creator>melaniarocabsc</dc:creator>
  <guid isPermaLink="false">http://melaniarocasanchez.files.wordpress.com/2025/01/90e3e-fewer_post_1.png</guid>
  <description/>
  <content:encoded><![CDATA[]]></content:encoded>
  <excerpt:encoded><![CDATA[]]></excerpt:encoded>
  <wp:post_id>15</wp:post_id>
  <wp:post_date>2025-01-28 12:00:43</wp:post_date>
  <wp:post_date_gmt>2025-01-28 17:00:43</wp:post_date_gmt>
  <wp:post_modified>2025-01-28 12:00:43</wp:post_modified>
  <wp:post_modified_gmt>2025-01-28 17:00:43</wp:post_modified_gmt>
  <wp:comment_status>open</wp:comment_status>
  <wp:ping_status>closed</wp:ping_status>
  <wp:post_name>placeholder-image-6</wp:post_name>
  <wp:status>inherit</wp:status>
  <wp:post_parent>9</wp:post_parent>
  <wp:menu_order>0</wp:menu_order>
  <wp:post_type>attachment</wp:post_type>
  <wp:post_password/>
  <wp:is_sticky>0</wp:is_sticky>
  <wp:attachment_url>https://melaniarocasanchez.wordpress.com/wp-content/uploads/2025/01/90e3e-fewer_post_1.png</wp:attachment_url>
  <wp:postmeta>
    <wp:meta_key>_wp_attached_file</wp:meta_key>
    <wp:meta_value><![CDATA[/home/wpcom/public_html/wp-content/blogs.dir/7b5/241161993/files/2025/01/90e3e-fewer_post_1.png]]></wp:meta_value>
  </wp:postmeta>
  <wp:postmeta>
    <wp:meta_key>_wp_attachment_metadata</wp:meta_key>
    <wp:meta_value><![CDATA[a:6:{s:5:"width";i:800;s:6:"height";i:514;s:4:"file";s:95:"/home/wpcom/public_html/wp-content/blogs.dir/7b5/241161993/files/2025/01/90e3e-fewer_post_1.png";s:8:"filesize";i:216169;s:5:"sizes";a:0:{}s:10:"image_meta";a:12:{s:8:"aperture";s:1:"0";s:6:"credit";s:0:"";s:6:"camera";s:0:"";s:7:"caption";s:0:"";s:17:"created_timestamp";s:1:"0";s:9:"copyright";s:0:"";s:12:"focal_length";s:1:"0";s:3:"iso";s:1:"0";s:13:"shutter_speed";s:1:"0";s:5:"title";s:0:"";s:11:"orientation";s:1:"0";s:8:"keywords";a:0:{}}}]]></wp:meta_value>
  </wp:postmeta>
</item>
<item>
  <title><![CDATA[Navegación]]></title>
  <link>https://melaniarocasanchez.wordpress.com/2025/01/28/navigation/</link>
  <pubDate>Tue, 28 Jan 2025 17:00:47 +0000</pubDate>
  <dc:creator>melaniarocabsc</dc:creator>
  <guid isPermaLink="false">https://melaniarocasanchez.wordpress.com/2025/01/28/navigation/</guid>
  <description/>
  <content:encoded><![CDATA[<!-- wp:navigation-link {"label":"Inicio","type":"page","id":19,"url":"https://melaniarocasanchez.wordpress.com/","kind":"post-type"} /-->

<!-- wp:navigation-link {"label":"Sobre mi","type":"page","id":1,"url":"https://melaniarocasanchez.wordpress.com/about/","kind":"post-type"} /-->

<!-- wp:navigation-link {"label":"Linkedin","type":"page","id":1,"url":"https://www.linkedin.com/in/melani-aroca-sanchez/","kind":"post-type"} /-->

<!-- wp:navigation-link {"label":"Curriculum","type":"page","id":1,"url":"https://github.com/Melani03-ux/CV/blob/main/melani-aroca-cv-2025.pdf","kind":"post-type"} /-->

<!-- wp:navigation-link {"label":"Blog","type":"page","id":1,"url":"https://cine-accion-ec.blogspot.com/","kind":"post-type"} /-->

<!-- wp:navigation-link {"label":"Contacto","type":"page","id":21,"url":"https://melaniarocasanchez.wordpress.com/blog/","kind":"post-type"} /-->]]></content:encoded>
  <excerpt:encoded><![CDATA[]]></excerpt:encoded>
  <wp:post_id>16</wp:post_id>
  <wp:post_date>2025-01-28 12:00:47</wp:post_date>
  <wp:post_date_gmt>2025-01-28 17:00:47</wp:post_date_gmt>
  <wp:post_modified>2025-02-10 09:37:07</wp:post_modified>
  <wp:post_modified_gmt>2025-02-10 14:37:07</wp:post_modified_gmt>
  <wp:comment_status>closed</wp:comment_status>
  <wp:ping_status>closed</wp:ping_status>
  <wp:post_name>navigation</wp:post_name>
  <wp:status>publish</wp:status>
  <wp:post_parent>0</wp:post_parent>
  <wp:menu_order>0</wp:menu_order>
  <wp:post_type>wp_navigation</wp:post_type>
  <wp:post_password/>
  <wp:is_sticky>0</wp:is_sticky>
</item>
<item>
  <title><![CDATA[Inicio]]></title>
  <link>https://melaniarocasanchez.wordpress.com/</link>
  <pubDate>Mon, 10 Feb 2025 13:54:12 +0000</pubDate>
  <dc:creator>melaniarocabsc</dc:creator>
  <guid isPermaLink="false">https://melaniarocasanchez.wordpress.com/?page_id=19</guid>
  <description/>
  <content:encoded><![CDATA[<!-- wp:group {"metadata":{"name":"Header","categories":["header"],"patternName":"a8c/header-logo-left-menu-centered-social-right"},"align":"full","style":{"spacing":{"padding":{"top":"var:preset|spacing|30","bottom":"var:preset|spacing|30","left":"var(\u002d\u002dwp\u002d\u002dstyle\u002d\u002droot\u002d\u002dpadding-left, var(\u002d\u002dwp\u002d\u002dcustom\u002d\u002dgap\u002d\u002dhorizontal))","right":"var(\u002d\u002dwp\u002d\u002dstyle\u002d\u002droot\u002d\u002dpadding-right, var(\u002d\u002dwp\u002d\u002dcustom\u002d\u002dgap\u002d\u002dhorizontal))"},"margin":{"top":"0","bottom":"0"}}},"layout":{"type":"constrained","justifyContent":"center"}} -->
<div class="wp-block-group alignfull" style="margin-top:0;margin-bottom:0;padding-top:var(--wp--preset--spacing--30);padding-right:var(--wp--style--root--padding-right, var(--wp--custom--gap--horizontal));padding-bottom:var(--wp--preset--spacing--30);padding-left:var(--wp--style--root--padding-left, var(--wp--custom--gap--horizontal))"><!-- wp:group {"tagName":"header","metadata":{"name":"Contents"},"align":"wide","style":{"spacing":{"margin":{"top":"0","bottom":"0"},"blockGap":"var:preset|spacing|40"}},"layout":{"type":"flex","flexWrap":"nowrap","justifyContent":"space-between"}} -->
<header class="wp-block-group alignwide" style="margin-top:0;margin-bottom:0"><!-- wp:group {"className":"grow  md:grow-0","style":{"layout":{"selfStretch":"fixed","flexSize":"25%"}},"layout":{"type":"flex","flexWrap":"nowrap","justifyContent":"left"}} -->
<div class="wp-block-group grow md:grow-0"><!-- wp:site-title /--></div>
<!-- /wp:group -->

<!-- wp:navigation {"ref":16,"className":"order-1 md:order-0","style":{"layout":{"selfStretch":"fit","flexSize":null}},"layout":{"type":"flex","justifyContent":"center"}} /-->

<!-- wp:group {"className":"grow md:grow-0","style":{"spacing":{"blockGap":"var:preset|spacing|20"},"layout":{"selfStretch":"fixed","flexSize":"25%"}},"layout":{"type":"flex","flexWrap":"nowrap","justifyContent":"right"}} -->
<div class="wp-block-group grow md:grow-0"><!-- wp:social-links {"className":"is-style-logos-only","style":{"spacing":{"blockGap":{"left":"8px"}}},"layout":{"type":"flex","flexWrap":"nowrap"}} -->
<ul class="wp-block-social-links is-style-logos-only"><!-- wp:social-link {"url":"https://www.linkedin.com/in/melani-aroca-sanchez/","service":"linkedin"} /-->

<!-- wp:social-link {"url":"https://github.com/Melani03-ux","service":"github"} /--></ul>
<!-- /wp:social-links --></div>
<!-- /wp:group --></header>
<!-- /wp:group --></div>
<!-- /wp:group -->

<!-- wp:media-text {"align":"full","mediaId":25,"mediaLink":"https://melaniarocasanchez.wordpress.com/victoria-tower-located-in-palace-of-westminster-in-london-united-kingdom/","mediaType":"image","imageFill":true} -->
<div class="wp-block-media-text alignfull is-stacked-on-mobile is-image-fill-element"><figure class="wp-block-media-text__media"><img src="https://melaniarocasanchez.wordpress.com/wp-content/uploads/2025/02/inglaterra-melani-aroca.jpg?w=683" alt="" class="wp-image-25 size-full" style="object-position:50% 50%" /></figure><div class="wp-block-media-text__content"><!-- wp:cover {"overlayColor":"background","minHeight":95,"minHeightUnit":"vh"} -->
<div class="wp-block-cover is-light" style="min-height:95vh"><span aria-hidden="true" class="wp-block-cover__background has-background-background-color has-background-dim-100 has-background-dim"></span><div class="wp-block-cover__inner-container"><!-- wp:image {"id":24,"sizeSlug":"large","linkDestination":"none","align":"center","className":"is-style-rounded"} -->
<figure class="wp-block-image aligncenter size-large is-style-rounded"><img src="https://melaniarocasanchez.wordpress.com/wp-content/uploads/2025/02/melani_aroca-1.jpg?w=284" alt="" class="wp-image-24" /></figure>
<!-- /wp:image -->

<!-- wp:heading {"textAlign":"center","level":1,"style":{"elements":{"link":{"color":{"text":"var:preset|color|primary"}}}},"textColor":"primary"} -->
<h1 class="wp-block-heading has-text-align-center has-primary-color has-text-color has-link-color">Melani Aroca</h1>
<!-- /wp:heading -->

<!-- wp:paragraph {"align":"center","style":{"elements":{"link":{"color":{"text":"var:preset|color|primary"}}}},"textColor":"primary"} -->
<p class="has-text-align-center has-primary-color has-text-color has-link-color">Soy amante de las redes sociales, me destaco por mi habilidad para ofrecer un servicio al cliente excepcional, resolver problemas de manera eficiente y mantener una organización impecable en el área de ventas. </p>
<!-- /wp:paragraph -->

<!-- wp:social-links {"align":"center","className":"is-style-default"} -->
<ul class="wp-block-social-links aligncenter is-style-default"><!-- wp:social-link {"url":"https://www.linkedin.com/in/melani-aroca-sanchez/","service":"linkedin"} /-->

<!-- wp:social-link {"url":"https://github.com/Melani03-ux","service":"chain"} /--></ul>
<!-- /wp:social-links --></div></div>
<!-- /wp:cover --></div></div>
<!-- /wp:media-text -->

<!-- wp:paragraph {"style":{"elements":{"link":{"color":{"text":"var:preset|color|primary"}}}},"textColor":"primary"} -->
<p class="has-primary-color has-text-color has-link-color"></p>
<!-- /wp:paragraph -->

<!-- wp:paragraph -->
<p></p>
<!-- /wp:paragraph -->]]></content:encoded>
  <excerpt:encoded><![CDATA[]]></excerpt:encoded>
  <wp:post_id>19</wp:post_id>
  <wp:post_date>2025-02-10 08:54:12</wp:post_date>
  <wp:post_date_gmt>2025-02-10 13:54:12</wp:post_date_gmt>
  <wp:post_modified>2025-02-10 09:35:25</wp:post_modified>
  <wp:post_modified_gmt>2025-02-10 14:35:25</wp:post_modified_gmt>
  <wp:comment_status>closed</wp:comment_status>
  <wp:ping_status>closed</wp:ping_status>
  <wp:post_name>inicio</wp:post_name>
  <wp:status>publish</wp:status>
  <wp:post_parent>0</wp:post_parent>
  <wp:menu_order>0</wp:menu_order>
  <wp:post_type>page</wp:post_type>
  <wp:post_password/>
  <wp:is_sticky>0</wp:is_sticky>
  <wp:postmeta>
    <wp:meta_key>_tft_homepage_template</wp:meta_key>
    <wp:meta_value><![CDATA[pub/baker]]></wp:meta_value>
  </wp:postmeta>
  <wp:postmeta>
    <wp:meta_key>_publicize_pending</wp:meta_key>
    <wp:meta_value><![CDATA[1]]></wp:meta_value>
  </wp:postmeta>
  <wp:postmeta>
    <wp:meta_key>_elasticsearch_data_sharing_indexed_on</wp:meta_key>
    <wp:meta_value><![CDATA[2025-02-10 13:54:14]]></wp:meta_value>
  </wp:postmeta>
  <wp:postmeta>
    <wp:meta_key>_g_feedback_shortcode_64f8428201969048cb92bee0472c61071c549cf8</wp:meta_key>
    <wp:meta_value><![CDATA[
				[contact-field label="Nombre" type="name"  required="true" /]
				[contact-field label="Correo electrónico" type="email" required="true" /]
				[contact-field label="Web" type="url" /]
				[contact-field label="Mensaje" type="textarea" /]]]></wp:meta_value>
  </wp:postmeta>
  <wp:postmeta>
    <wp:meta_key>_g_feedback_shortcode_atts_64f8428201969048cb92bee0472c61071c549cf8</wp:meta_key>
    <wp:meta_value><![CDATA[a:17:{s:2:"to";s:24:"melaniarocabsc@gmail.com";s:7:"subject";s:21:"[Melani Aroca] Inicio";s:12:"show_subject";s:2:"no";s:6:"widget";i:0;s:14:"block_template";N;s:19:"block_template_part";N;s:2:"id";i:19;s:18:"submit_button_text";s:6:"Enviar";s:14:"customThankyou";s:0:"";s:21:"customThankyouHeading";s:24:"Se ha enviado tu mensaje";s:21:"customThankyouMessage";s:24:"¡Gracias por tu envío!";s:22:"customThankyouRedirect";s:0:"";s:10:"jetpackCRM";b:1;s:9:"className";N;s:9:"postToUrl";N;s:14:"salesforceData";N;s:12:"hiddenFields";N;}]]></wp:meta_value>
  </wp:postmeta>
  <wp:postmeta>
    <wp:meta_key>_last_editor_used_jetpack</wp:meta_key>
    <wp:meta_value><![CDATA[block-editor]]></wp:meta_value>
  </wp:postmeta>
</item>
<item>
  <title><![CDATA[Contacto 3]]></title>
  <link>https://melaniarocasanchez.wordpress.com/blog/</link>
  <pubDate>Mon, 10 Feb 2025 13:54:12 +0000</pubDate>
  <dc:creator>melaniarocabsc</dc:creator>
  <guid isPermaLink="false">https://melaniarocasanchez.wordpress.com/blog/</guid>
  <description/>
  <content:encoded><![CDATA[<!-- wp:group {"metadata":{"name":"Contact","categories":["contact"],"patternName":"a8c/contact-tall-image-with-form"},"align":"full","style":{"spacing":{"margin":{"top":"0","bottom":"0"},"padding":{"top":"var:preset|spacing|50","bottom":"var:preset|spacing|50"}}},"layout":{"type":"constrained","justifyContent":"center"}} -->
<div class="wp-block-group alignfull" style="margin-top:0;margin-bottom:0;padding-top:var(--wp--preset--spacing--50);padding-bottom:var(--wp--preset--spacing--50)"><!-- wp:columns {"align":"wide"} -->
<div class="wp-block-columns alignwide"><!-- wp:column {"verticalAlignment":"center","width":""} -->
<div class="wp-block-column is-vertically-aligned-center"><!-- wp:heading {"fontSize":"x-large"} -->
<h2 class="wp-block-heading has-x-large-font-size">Contáctate con nosotros</h2>
<!-- /wp:heading -->

<!-- wp:paragraph {"className":"is-contact-description"} -->
<p class="is-contact-description">Llena este formulario para más información.</p>
<!-- /wp:paragraph -->

<!-- wp:spacer {"height":"calc( 0.25 * var(\u002d\u002dwp\u002d\u002dstyle\u002d\u002droot\u002d\u002dpadding-right, var(\u002d\u002dwp\u002d\u002dcustom\u002d\u002dgap\u002d\u002dhorizontal)))"} -->
<div style="height:calc( 0.25 * var(--wp--style--root--padding-right, var(--wp--custom--gap--horizontal)))" aria-hidden="true" class="wp-block-spacer"></div>
<!-- /wp:spacer -->

<!-- wp:jetpack/contact-form {"subject":"","to":"","className":"is-style-default","textColor":"primary","style":{"elements":{"link":{"color":{"text":"var:preset|color|primary"}}}}} -->
<div class="wp-block-jetpack-contact-form is-style-default has-primary-color has-text-color has-link-color"><!-- wp:jetpack/field-name {"required":true,"borderRadius":5,"borderWidth":1} /-->

<!-- wp:jetpack/field-email {"required":true,"borderRadius":5,"borderWidth":1} /-->

<!-- wp:jetpack/field-textarea {"label":"Mensaje","borderRadius":5,"borderWidth":1} /-->

<!-- wp:jetpack/button {"element":"button","text":"Enviar","width":"","lock":{"remove":true}} /--></div>
<!-- /wp:jetpack/contact-form --></div>
<!-- /wp:column -->

<!-- wp:column -->
<div class="wp-block-column"><!-- wp:image {"lightbox":{"enabled":false},"id":49,"aspectRatio":"3/4","scale":"cover","sizeSlug":"full","linkDestination":"none"} -->
<figure class="wp-block-image size-full"><img src="https://melaniarocasanchez.wordpress.com/wp-content/uploads/2025/02/contacto-melani-aroca-1.jpg" alt="" class="wp-image-49" style="aspect-ratio:3/4;object-fit:cover" /><figcaption class="wp-element-caption">Close-up image of programmer working at his desk in office</figcaption></figure>
<!-- /wp:image --></div>
<!-- /wp:column --></div>
<!-- /wp:columns --></div>
<!-- /wp:group -->

<!-- wp:html -->
[googlemaps https://www.google.com/maps/embed?pb=!1m18!1m12!1m3!1d3989.803624906141!2d-78.4909646252237!3d-0.15550789984295874!2m3!1f0!2f0!3f0!3m2!1i1024!2i768!4f13.1!3m3!1m2!1s0x91d59aba9e05e6a1%3A0x606478970ed82284!2sInstituto%20Superior%20Tecnol%C3%B3gico%20Cordillera!5e0!3m2!1ses!2sec!4v1739233516521!5m2!1ses!2sec&amp;w=600&amp;h=450]
<!-- /wp:html -->]]></content:encoded>
  <excerpt:encoded><![CDATA[]]></excerpt:encoded>
  <wp:post_id>21</wp:post_id>
  <wp:post_date>2025-02-10 08:54:12</wp:post_date>
  <wp:post_date_gmt>2025-02-10 13:54:12</wp:post_date_gmt>
  <wp:post_modified>2025-02-10 19:43:35</wp:post_modified>
  <wp:post_modified_gmt>2025-02-11 00:43:35</wp:post_modified_gmt>
  <wp:comment_status>closed</wp:comment_status>
  <wp:ping_status>closed</wp:ping_status>
  <wp:post_name>blog</wp:post_name>
  <wp:status>publish</wp:status>
  <wp:post_parent>0</wp:post_parent>
  <wp:menu_order>0</wp:menu_order>
  <wp:post_type>page</wp:post_type>
  <wp:post_password/>
  <wp:is_sticky>0</wp:is_sticky>
  <wp:postmeta>
    <wp:meta_key>_tft_posts_page</wp:meta_key>
    <wp:meta_value><![CDATA[1]]></wp:meta_value>
  </wp:postmeta>
  <wp:postmeta>
    <wp:meta_key>_publicize_pending</wp:meta_key>
    <wp:meta_value><![CDATA[1]]></wp:meta_value>
  </wp:postmeta>
  <wp:postmeta>
    <wp:meta_key>_elasticsearch_data_sharing_indexed_on</wp:meta_key>
    <wp:meta_value><![CDATA[2025-02-10 13:54:14]]></wp:meta_value>
  </wp:postmeta>
  <wp:postmeta>
    <wp:meta_key>_g_feedback_shortcode_60c92f17fc096b63ff99599f59cc93b948ecb08f</wp:meta_key>
    <wp:meta_value><![CDATA[
				[contact-field label="Nombre" type="name"  required="true" /]
				[contact-field label="Correo electrónico" type="email" required="true" /]
				[contact-field label="Web" type="url" /]
				[contact-field label="Mensaje" type="textarea" /]]]></wp:meta_value>
  </wp:postmeta>
  <wp:postmeta>
    <wp:meta_key>_g_feedback_shortcode_atts_60c92f17fc096b63ff99599f59cc93b948ecb08f</wp:meta_key>
    <wp:meta_value><![CDATA[a:17:{s:2:"to";s:24:"melaniarocabsc@gmail.com";s:7:"subject";s:25:"[Melani Aroca] Contacto 3";s:12:"show_subject";s:2:"no";s:6:"widget";i:0;s:14:"block_template";N;s:19:"block_template_part";N;s:2:"id";i:21;s:18:"submit_button_text";s:6:"Enviar";s:14:"customThankyou";s:0:"";s:21:"customThankyouHeading";s:24:"Se ha enviado tu mensaje";s:21:"customThankyouMessage";s:24:"¡Gracias por tu envío!";s:22:"customThankyouRedirect";s:0:"";s:10:"jetpackCRM";b:1;s:9:"className";N;s:9:"postToUrl";N;s:14:"salesforceData";N;s:12:"hiddenFields";N;}]]></wp:meta_value>
  </wp:postmeta>
  <wp:postmeta>
    <wp:meta_key>_last_editor_used_jetpack</wp:meta_key>
    <wp:meta_value><![CDATA[block-editor]]></wp:meta_value>
  </wp:postmeta>
  <wp:postmeta>
    <wp:meta_key>_g_feedback_shortcode_47d02326de68e1e263d43b2caf6ac6e9c1b28815</wp:meta_key>
    <wp:meta_value><![CDATA[
<div class="wp-block-jetpack-contact-form is-style-default has-primary-color has-text-color has-link-color">[contact-field required="1" borderRadius="5" borderWidth="1" type="name" label="Name"/]

[contact-field required="1" borderRadius="5" borderWidth="1" type="email" label="Email"/]

[contact-field label="Mensaje" borderRadius="5" borderWidth="1" type="textarea"/]

<div class="wp-block-jetpack-button wp-block-button" style="width: ;"><button class="wp-block-button__link" style="" data-id-attr="placeholder" type="submit">Enviar</button></div></div>
]]></wp:meta_value>
  </wp:postmeta>
  <wp:postmeta>
    <wp:meta_key>_g_feedback_shortcode_atts_47d02326de68e1e263d43b2caf6ac6e9c1b28815</wp:meta_key>
    <wp:meta_value><![CDATA[a:17:{s:2:"to";s:0:"";s:7:"subject";s:0:"";s:12:"show_subject";s:2:"no";s:6:"widget";i:0;s:14:"block_template";N;s:19:"block_template_part";N;s:2:"id";i:21;s:18:"submit_button_text";s:6:"Submit";s:14:"customThankyou";s:0:"";s:21:"customThankyouHeading";s:26:"Your message has been sent";s:21:"customThankyouMessage";s:30:"Thank you for your submission!";s:22:"customThankyouRedirect";s:0:"";s:10:"jetpackCRM";b:1;s:9:"className";s:61:"is-style-default wp-elements-f6026d562b4475b6272f1a53f3a50923";s:9:"postToUrl";N;s:14:"salesforceData";N;s:12:"hiddenFields";N;}]]></wp:meta_value>
  </wp:postmeta>
</item>
<item>
  <title><![CDATA[melani_aroca]]></title>
  <link>https://melaniarocasanchez.wordpress.com/about/melani_aroca-4/</link>
  <pubDate>Mon, 10 Feb 2025 14:43:13 +0000</pubDate>
  <dc:creator>melaniarocabsc</dc:creator>
  <guid isPermaLink="false">http://melaniarocasanchez.files.wordpress.com/2025/02/melani_aroca-3.jpg</guid>
  <description/>
  <content:encoded><![CDATA[]]></content:encoded>
  <excerpt:encoded><![CDATA[]]></excerpt:encoded>
  <wp:post_id>35</wp:post_id>
  <wp:post_date>2025-02-10 09:43:13</wp:post_date>
  <wp:post_date_gmt>2025-02-10 14:43:13</wp:post_date_gmt>
  <wp:post_modified>2025-02-10 09:43:13</wp:post_modified>
  <wp:post_modified_gmt>2025-02-10 14:43:13</wp:post_modified_gmt>
  <wp:comment_status>open</wp:comment_status>
  <wp:ping_status>closed</wp:ping_status>
  <wp:post_name>melani_aroca-4</wp:post_name>
  <wp:status>inherit</wp:status>
  <wp:post_parent>1</wp:post_parent>
  <wp:menu_order>0</wp:menu_order>
  <wp:post_type>attachment</wp:post_type>
  <wp:post_password/>
  <wp:is_sticky>0</wp:is_sticky>
  <wp:attachment_url>https://melaniarocasanchez.wordpress.com/wp-content/uploads/2025/02/melani_aroca-3.jpg</wp:attachment_url>
  <wp:postmeta>
    <wp:meta_key>_wp_attached_file</wp:meta_key>
    <wp:meta_value><![CDATA[/home/wpcom/public_html/wp-content/blogs.dir/7b5/241161993/files/2025/02/melani_aroca-3.jpg]]></wp:meta_value>
  </wp:postmeta>
  <wp:postmeta>
    <wp:meta_key>_wp_attachment_metadata</wp:meta_key>
    <wp:meta_value><![CDATA[a:6:{s:5:"width";i:284;s:6:"height";i:311;s:4:"file";s:91:"/home/wpcom/public_html/wp-content/blogs.dir/7b5/241161993/files/2025/02/melani_aroca-3.jpg";s:8:"filesize";i:13900;s:5:"sizes";a:0:{}s:10:"image_meta";a:12:{s:8:"aperture";s:1:"0";s:6:"credit";s:0:"";s:6:"camera";s:0:"";s:7:"caption";s:0:"";s:17:"created_timestamp";s:1:"0";s:9:"copyright";s:0:"";s:12:"focal_length";s:1:"0";s:3:"iso";s:1:"0";s:13:"shutter_speed";s:1:"0";s:5:"title";s:0:"";s:11:"orientation";s:1:"0";s:8:"keywords";a:0:{}}}]]></wp:meta_value>
  </wp:postmeta>
</item>
<item>
  <title><![CDATA[melani_aroca]]></title>
  <link>https://melaniarocasanchez.wordpress.com/inicio/melani_aroca-2/</link>
  <pubDate>Mon, 10 Feb 2025 14:00:07 +0000</pubDate>
  <dc:creator>melaniarocabsc</dc:creator>
  <guid isPermaLink="false">http://melaniarocasanchez.files.wordpress.com/2025/02/melani_aroca-1.jpg</guid>
  <description/>
  <content:encoded><![CDATA[]]></content:encoded>
  <excerpt:encoded><![CDATA[]]></excerpt:encoded>
  <wp:post_id>24</wp:post_id>
  <wp:post_date>2025-02-10 09:00:07</wp:post_date>
  <wp:post_date_gmt>2025-02-10 14:00:07</wp:post_date_gmt>
  <wp:post_modified>2025-02-10 09:00:07</wp:post_modified>
  <wp:post_modified_gmt>2025-02-10 14:00:07</wp:post_modified_gmt>
  <wp:comment_status>open</wp:comment_status>
  <wp:ping_status>closed</wp:ping_status>
  <wp:post_name>melani_aroca-2</wp:post_name>
  <wp:status>inherit</wp:status>
  <wp:post_parent>19</wp:post_parent>
  <wp:menu_order>0</wp:menu_order>
  <wp:post_type>attachment</wp:post_type>
  <wp:post_password/>
  <wp:is_sticky>0</wp:is_sticky>
  <wp:attachment_url>https://melaniarocasanchez.wordpress.com/wp-content/uploads/2025/02/melani_aroca-1.jpg</wp:attachment_url>
  <wp:postmeta>
    <wp:meta_key>_wp_attached_file</wp:meta_key>
    <wp:meta_value><![CDATA[/home/wpcom/public_html/wp-content/blogs.dir/7b5/241161993/files/2025/02/melani_aroca-1.jpg]]></wp:meta_value>
  </wp:postmeta>
  <wp:postmeta>
    <wp:meta_key>_wp_attachment_metadata</wp:meta_key>
    <wp:meta_value><![CDATA[a:6:{s:5:"width";i:284;s:6:"height";i:311;s:4:"file";s:91:"/home/wpcom/public_html/wp-content/blogs.dir/7b5/241161993/files/2025/02/melani_aroca-1.jpg";s:8:"filesize";i:13900;s:5:"sizes";a:0:{}s:10:"image_meta";a:12:{s:8:"aperture";s:1:"0";s:6:"credit";s:0:"";s:6:"camera";s:0:"";s:7:"caption";s:0:"";s:17:"created_timestamp";s:1:"0";s:9:"copyright";s:0:"";s:12:"focal_length";s:1:"0";s:3:"iso";s:1:"0";s:13:"shutter_speed";s:1:"0";s:5:"title";s:0:"";s:11:"orientation";s:1:"0";s:8:"keywords";a:0:{}}}]]></wp:meta_value>
  </wp:postmeta>
</item>
<item>
  <title><![CDATA[melani_aroca]]></title>
  <link>https://melaniarocasanchez.wordpress.com/inicio/melani_aroca/</link>
  <pubDate>Mon, 10 Feb 2025 13:58:33 +0000</pubDate>
  <dc:creator>melaniarocabsc</dc:creator>
  <guid isPermaLink="false">http://melaniarocasanchez.files.wordpress.com/2025/02/melani_aroca.jpg</guid>
  <description/>
  <content:encoded><![CDATA[]]></content:encoded>
  <excerpt:encoded><![CDATA[]]></excerpt:encoded>
  <wp:post_id>23</wp:post_id>
  <wp:post_date>2025-02-10 08:58:33</wp:post_date>
  <wp:post_date_gmt>2025-02-10 13:58:33</wp:post_date_gmt>
  <wp:post_modified>2025-02-10 08:58:33</wp:post_modified>
  <wp:post_modified_gmt>2025-02-10 13:58:33</wp:post_modified_gmt>
  <wp:comment_status>open</wp:comment_status>
  <wp:ping_status>closed</wp:ping_status>
  <wp:post_name>melani_aroca</wp:post_name>
  <wp:status>inherit</wp:status>
  <wp:post_parent>19</wp:post_parent>
  <wp:menu_order>0</wp:menu_order>
  <wp:post_type>attachment</wp:post_type>
  <wp:post_password/>
  <wp:is_sticky>0</wp:is_sticky>
  <wp:attachment_url>https://melaniarocasanchez.wordpress.com/wp-content/uploads/2025/02/melani_aroca.jpg</wp:attachment_url>
  <wp:postmeta>
    <wp:meta_key>_wp_attached_file</wp:meta_key>
    <wp:meta_value><![CDATA[/home/wpcom/public_html/wp-content/blogs.dir/7b5/241161993/files/2025/02/melani_aroca.jpg]]></wp:meta_value>
  </wp:postmeta>
  <wp:postmeta>
    <wp:meta_key>_wp_attachment_metadata</wp:meta_key>
    <wp:meta_value><![CDATA[a:6:{s:5:"width";i:284;s:6:"height";i:311;s:4:"file";s:89:"/home/wpcom/public_html/wp-content/blogs.dir/7b5/241161993/files/2025/02/melani_aroca.jpg";s:8:"filesize";i:13900;s:5:"sizes";a:0:{}s:10:"image_meta";a:12:{s:8:"aperture";s:1:"0";s:6:"credit";s:0:"";s:6:"camera";s:0:"";s:7:"caption";s:0:"";s:17:"created_timestamp";s:1:"0";s:9:"copyright";s:0:"";s:12:"focal_length";s:1:"0";s:3:"iso";s:1:"0";s:13:"shutter_speed";s:1:"0";s:5:"title";s:0:"";s:11:"orientation";s:1:"0";s:8:"keywords";a:0:{}}}]]></wp:meta_value>
  </wp:postmeta>
</item>
<item>
  <title><![CDATA[Victoria Tower located in Palace of Westminster in London, United Kingdom]]></title>
  <link>https://melaniarocasanchez.wordpress.com/inicio/victoria-tower-located-in-palace-of-westminster-in-london-united-kingdom/</link>
  <pubDate>Mon, 10 Feb 2025 14:05:33 +0000</pubDate>
  <dc:creator>melaniarocabsc</dc:creator>
  <guid isPermaLink="false">http://melaniarocasanchez.files.wordpress.com/2025/02/inglaterra-melani-aroca.jpg</guid>
  <description/>
  <content:encoded><![CDATA[]]></content:encoded>
  <excerpt:encoded><![CDATA[Vertical view of the Victoria Tower located in Palace of Westminster in London downtown, United Kingdom. Blue sky with flying plane on the background]]></excerpt:encoded>
  <wp:post_id>25</wp:post_id>
  <wp:post_date>2025-02-10 09:05:33</wp:post_date>
  <wp:post_date_gmt>2025-02-10 14:05:33</wp:post_date_gmt>
  <wp:post_modified>2025-02-10 09:05:33</wp:post_modified>
  <wp:post_modified_gmt>2025-02-10 14:05:33</wp:post_modified_gmt>
  <wp:comment_status>open</wp:comment_status>
  <wp:ping_status>closed</wp:ping_status>
  <wp:post_name>victoria-tower-located-in-palace-of-westminster-in-london-united-kingdom</wp:post_name>
  <wp:status>inherit</wp:status>
  <wp:post_parent>19</wp:post_parent>
  <wp:menu_order>0</wp:menu_order>
  <wp:post_type>attachment</wp:post_type>
  <wp:post_password/>
  <wp:is_sticky>0</wp:is_sticky>
  <wp:attachment_url>https://melaniarocasanchez.wordpress.com/wp-content/uploads/2025/02/inglaterra-melani-aroca.jpg</wp:attachment_url>
  <wp:postmeta>
    <wp:meta_key>_wp_attached_file</wp:meta_key>
    <wp:meta_value><![CDATA[/home/wpcom/public_html/wp-content/blogs.dir/7b5/241161993/files/2025/02/inglaterra-melani-aroca.jpg]]></wp:meta_value>
  </wp:postmeta>
  <wp:postmeta>
    <wp:meta_key>_wp_attachment_metadata</wp:meta_key>
    <wp:meta_value><![CDATA[a:6:{s:5:"width";i:5504;s:6:"height";i:8256;s:4:"file";s:100:"/home/wpcom/public_html/wp-content/blogs.dir/7b5/241161993/files/2025/02/inglaterra-melani-aroca.jpg";s:8:"filesize";i:22158619;s:5:"sizes";a:0:{}s:10:"image_meta";a:12:{s:8:"aperture";s:3:"6.3";s:6:"credit";s:13:"EUGENIU FRIMU";s:6:"camera";s:9:"NIKON Z 8";s:7:"caption";s:149:"Vertical view of the Victoria Tower located in Palace of Westminster in London downtown, United Kingdom. Blue sky with flying plane on the background";s:17:"created_timestamp";s:10:"1691950041";s:9:"copyright";s:13:"EUGENIU FRIMU";s:12:"focal_length";s:3:"115";s:3:"iso";s:2:"64";s:13:"shutter_speed";s:5:"0.008";s:5:"title";s:73:"Victoria Tower located in Palace of Westminster in London, United Kingdom";s:11:"orientation";s:1:"1";s:8:"keywords";a:50:{i:0;s:7:"england";i:1;s:12:"architecture";i:2;s:7:"history";i:3;s:2:"uk";i:4;s:4:"city";i:5;s:7:"britain";i:6;s:9:"cityscape";i:7;s:6:"travel";i:8;s:3:"age";i:9;s:7:"british";i:10;s:8:"downtown";i:11;s:7:"english";i:12;s:8:"interest";i:13;s:6:"london";i:14;s:10:"parliament";i:15;s:11:"photography";i:16;s:9:"structure";i:17;s:6:"united";i:18;s:11:"westminster";i:19;s:7:"capital";i:20;s:7:"kingdom";i:21;s:9:"no people";i:22;s:5:"scene";i:23;s:11:"color image";i:24;s:5:"great";i:25;s:11:"sightseeing";i:26;s:5:"urban";i:27;s:14:"capital cities";i:28;s:6:"design";i:29;s:11:"destination";i:30;s:6:"famous";i:31;s:3:"old";i:32;s:8:"outdoors";i:33;s:6:"palace";i:34;s:5:"place";i:35;s:9:"touristic";i:36;s:4:"town";i:37;s:7:"ancient";i:38;s:10:"attraction";i:39;s:8:"building";i:40;s:9:"cathedral";i:41;s:7:"culture";i:42;s:6:"europe";i:43;s:8:"european";i:44;s:8:"exterior";i:45;s:8:"landmark";i:46;s:5:"river";i:47;s:29:"houses of parliament - london";i:48;s:22:"international landmark";i:49;s:16:"london - england";}}}]]></wp:meta_value>
  </wp:postmeta>
</item>
<item>
  <title><![CDATA[melani_aroca]]></title>
  <link>https://melaniarocasanchez.wordpress.com/about/melani_aroca-3/</link>
  <pubDate>Mon, 10 Feb 2025 14:39:45 +0000</pubDate>
  <dc:creator>melaniarocabsc</dc:creator>
  <guid isPermaLink="false">http://melaniarocasanchez.files.wordpress.com/2025/02/melani_aroca-2.jpg</guid>
  <description/>
  <content:encoded><![CDATA[]]></content:encoded>
  <excerpt:encoded><![CDATA[]]></excerpt:encoded>
  <wp:post_id>31</wp:post_id>
  <wp:post_date>2025-02-10 09:39:45</wp:post_date>
  <wp:post_date_gmt>2025-02-10 14:39:45</wp:post_date_gmt>
  <wp:post_modified>2025-02-10 09:39:45</wp:post_modified>
  <wp:post_modified_gmt>2025-02-10 14:39:45</wp:post_modified_gmt>
  <wp:comment_status>open</wp:comment_status>
  <wp:ping_status>closed</wp:ping_status>
  <wp:post_name>melani_aroca-3</wp:post_name>
  <wp:status>inherit</wp:status>
  <wp:post_parent>1</wp:post_parent>
  <wp:menu_order>0</wp:menu_order>
  <wp:post_type>attachment</wp:post_type>
  <wp:post_password/>
  <wp:is_sticky>0</wp:is_sticky>
  <wp:attachment_url>https://melaniarocasanchez.wordpress.com/wp-content/uploads/2025/02/melani_aroca-2.jpg</wp:attachment_url>
  <wp:postmeta>
    <wp:meta_key>_wp_attached_file</wp:meta_key>
    <wp:meta_value><![CDATA[/home/wpcom/public_html/wp-content/blogs.dir/7b5/241161993/files/2025/02/melani_aroca-2.jpg]]></wp:meta_value>
  </wp:postmeta>
  <wp:postmeta>
    <wp:meta_key>_wp_attachment_metadata</wp:meta_key>
    <wp:meta_value><![CDATA[a:6:{s:5:"width";i:284;s:6:"height";i:311;s:4:"file";s:91:"/home/wpcom/public_html/wp-content/blogs.dir/7b5/241161993/files/2025/02/melani_aroca-2.jpg";s:8:"filesize";i:13900;s:5:"sizes";a:0:{}s:10:"image_meta";a:12:{s:8:"aperture";s:1:"0";s:6:"credit";s:0:"";s:6:"camera";s:0:"";s:7:"caption";s:0:"";s:17:"created_timestamp";s:1:"0";s:9:"copyright";s:0:"";s:12:"focal_length";s:1:"0";s:3:"iso";s:1:"0";s:13:"shutter_speed";s:1:"0";s:5:"title";s:0:"";s:11:"orientation";s:1:"0";s:8:"keywords";a:0:{}}}]]></wp:meta_value>
  </wp:postmeta>
</item>
<item>
  <title><![CDATA[linkedin]]></title>
  <link>https://melaniarocasanchez.wordpress.com/?page_id=27</link>
  <pubDate/>
  <dc:creator>melaniarocabsc</dc:creator>
  <guid isPermaLink="false">https://melaniarocasanchez.wordpress.com/?page_id=27</guid>
  <description/>
  <content:encoded><![CDATA[]]></content:encoded>
  <excerpt:encoded><![CDATA[]]></excerpt:encoded>
  <wp:post_id>27</wp:post_id>
  <wp:post_date>2025-02-10 09:21:41</wp:post_date>
  <wp:post_date_gmt>0000-00-00 00:00:00</wp:post_date_gmt>
  <wp:post_modified>2025-02-10 09:21:41</wp:post_modified>
  <wp:post_modified_gmt>0000-00-00 00:00:00</wp:post_modified_gmt>
  <wp:comment_status>closed</wp:comment_status>
  <wp:ping_status>closed</wp:ping_status>
  <wp:post_name/>
  <wp:status>draft</wp:status>
  <wp:post_parent>0</wp:post_parent>
  <wp:menu_order>0</wp:menu_order>
  <wp:post_type>page</wp:post_type>
  <wp:post_password/>
  <wp:is_sticky>0</wp:is_sticky>
</item>
<item>
  <title><![CDATA[Freelance programmer]]></title>
  <link>https://melaniarocasanchez.wordpress.com/blog/freelance-programmer/</link>
  <pubDate>Tue, 11 Feb 2025 00:24:51 +0000</pubDate>
  <dc:creator>melaniarocabsc</dc:creator>
  <guid isPermaLink="false">http://melaniarocasanchez.files.wordpress.com/2025/02/contacto-melani-aroca.jpg</guid>
  <description/>
  <content:encoded><![CDATA[]]></content:encoded>
  <excerpt:encoded><![CDATA[Close-up image of programmer working at his desk in office]]></excerpt:encoded>
  <wp:post_id>42</wp:post_id>
  <wp:post_date>2025-02-10 19:24:51</wp:post_date>
  <wp:post_date_gmt>2025-02-11 00:24:51</wp:post_date_gmt>
  <wp:post_modified>2025-02-10 19:24:51</wp:post_modified>
  <wp:post_modified_gmt>2025-02-11 00:24:51</wp:post_modified_gmt>
  <wp:comment_status>open</wp:comment_status>
  <wp:ping_status>closed</wp:ping_status>
  <wp:post_name>freelance-programmer</wp:post_name>
  <wp:status>inherit</wp:status>
  <wp:post_parent>21</wp:post_parent>
  <wp:menu_order>0</wp:menu_order>
  <wp:post_type>attachment</wp:post_type>
  <wp:post_password/>
  <wp:is_sticky>0</wp:is_sticky>
  <wp:attachment_url>https://melaniarocasanchez.wordpress.com/wp-content/uploads/2025/02/contacto-melani-aroca.jpg</wp:attachment_url>
  <wp:postmeta>
    <wp:meta_key>_wp_attached_file</wp:meta_key>
    <wp:meta_value><![CDATA[/home/wpcom/public_html/wp-content/blogs.dir/7b5/241161993/files/2025/02/contacto-melani-aroca.jpg]]></wp:meta_value>
  </wp:postmeta>
  <wp:postmeta>
    <wp:meta_key>_wp_attachment_metadata</wp:meta_key>
    <wp:meta_value><![CDATA[a:6:{s:5:"width";i:7360;s:6:"height";i:4912;s:4:"file";s:98:"/home/wpcom/public_html/wp-content/blogs.dir/7b5/241161993/files/2025/02/contacto-melani-aroca.jpg";s:8:"filesize";i:15769238;s:5:"sizes";a:0:{}s:10:"image_meta";a:12:{s:8:"aperture";s:3:"6.3";s:6:"credit";s:0:"";s:6:"camera";s:11:"NIKON D800E";s:7:"caption";s:58:"Close-up image of programmer working at his desk in office";s:17:"created_timestamp";s:10:"1507271016";s:9:"copyright";s:0:"";s:12:"focal_length";s:2:"60";s:3:"iso";s:4:"1000";s:13:"shutter_speed";s:6:"0.0125";s:5:"title";s:20:"Freelance programmer";s:11:"orientation";s:1:"1";s:8:"keywords";a:25:{i:0;s:7:"working";i:1;s:8:"computer";i:2;s:10:"technology";i:3;s:10:"programmer";i:4;s:6:"coding";i:5;s:8:"software";i:6;s:9:"developer";i:7;s:6:"screen";i:8;s:12:"professional";i:9;s:6:"script";i:10;s:7:"drawing";i:11;s:6:"scheme";i:12;s:4:"plan";i:13;s:6:"tablet";i:14;s:5:"hands";i:15;s:4:"late";i:16;s:5:"table";i:17;s:7:"website";i:18;s:9:"computing";i:19;s:3:"job";i:20;s:6:"gadget";i:21;s:12:"appllication";i:22;s:4:"home";i:23;s:9:"outsource";i:24;s:9:"freelance";}}}]]></wp:meta_value>
  </wp:postmeta>
</item>
<item>
  <title><![CDATA[Freelance programmer]]></title>
  <link>https://melaniarocasanchez.wordpress.com/?attachment_id=45</link>
  <pubDate>Tue, 11 Feb 2025 00:35:38 +0000</pubDate>
  <dc:creator>melaniarocabsc</dc:creator>
  <guid isPermaLink="false">http://melaniarocasanchez.files.wordpress.com/2025/01/contacto-melani-aroca.jpg</guid>
  <description/>
  <content:encoded><![CDATA[]]></content:encoded>
  <excerpt:encoded><![CDATA[Close-up image of programmer working at his desk in office]]></excerpt:encoded>
  <wp:post_id>45</wp:post_id>
  <wp:post_date>2025-02-10 19:35:38</wp:post_date>
  <wp:post_date_gmt>2025-02-11 00:35:38</wp:post_date_gmt>
  <wp:post_modified>2025-02-10 19:35:38</wp:post_modified>
  <wp:post_modified_gmt>2025-02-11 00:35:38</wp:post_modified_gmt>
  <wp:comment_status>open</wp:comment_status>
  <wp:ping_status>closed</wp:ping_status>
  <wp:post_name>freelance-programmer-2</wp:post_name>
  <wp:status>inherit</wp:status>
  <wp:post_parent>4</wp:post_parent>
  <wp:menu_order>0</wp:menu_order>
  <wp:post_type>attachment</wp:post_type>
  <wp:post_password/>
  <wp:is_sticky>0</wp:is_sticky>
  <wp:attachment_url>https://melaniarocasanchez.wordpress.com/wp-content/uploads/2025/01/contacto-melani-aroca.jpg</wp:attachment_url>
  <wp:postmeta>
    <wp:meta_key>_wp_attached_file</wp:meta_key>
    <wp:meta_value><![CDATA[/home/wpcom/public_html/wp-content/blogs.dir/7b5/241161993/files/2025/01/contacto-melani-aroca.jpg]]></wp:meta_value>
  </wp:postmeta>
  <wp:postmeta>
    <wp:meta_key>_wp_attachment_metadata</wp:meta_key>
    <wp:meta_value><![CDATA[a:6:{s:5:"width";i:7360;s:6:"height";i:4912;s:4:"file";s:98:"/home/wpcom/public_html/wp-content/blogs.dir/7b5/241161993/files/2025/01/contacto-melani-aroca.jpg";s:8:"filesize";i:15769238;s:5:"sizes";a:0:{}s:10:"image_meta";a:12:{s:8:"aperture";s:3:"6.3";s:6:"credit";s:0:"";s:6:"camera";s:11:"NIKON D800E";s:7:"caption";s:58:"Close-up image of programmer working at his desk in office";s:17:"created_timestamp";s:10:"1507271016";s:9:"copyright";s:0:"";s:12:"focal_length";s:2:"60";s:3:"iso";s:4:"1000";s:13:"shutter_speed";s:6:"0.0125";s:5:"title";s:20:"Freelance programmer";s:11:"orientation";s:1:"1";s:8:"keywords";a:25:{i:0;s:7:"working";i:1;s:8:"computer";i:2;s:10:"technology";i:3;s:10:"programmer";i:4;s:6:"coding";i:5;s:8:"software";i:6;s:9:"developer";i:7;s:6:"screen";i:8;s:12:"professional";i:9;s:6:"script";i:10;s:7:"drawing";i:11;s:6:"scheme";i:12;s:4:"plan";i:13;s:6:"tablet";i:14;s:5:"hands";i:15;s:4:"late";i:16;s:5:"table";i:17;s:7:"website";i:18;s:9:"computing";i:19;s:3:"job";i:20;s:6:"gadget";i:21;s:12:"appllication";i:22;s:4:"home";i:23;s:9:"outsource";i:24;s:9:"freelance";}}}]]></wp:meta_value>
  </wp:postmeta>
</item>
<item>
  <title><![CDATA[Freelance programmer]]></title>
  <link>https://melaniarocasanchez.wordpress.com/blog/freelance-programmer-3/</link>
  <pubDate>Tue, 11 Feb 2025 00:43:01 +0000</pubDate>
  <dc:creator>melaniarocabsc</dc:creator>
  <guid isPermaLink="false">http://melaniarocasanchez.files.wordpress.com/2025/02/contacto-melani-aroca-1.jpg</guid>
  <description/>
  <content:encoded><![CDATA[]]></content:encoded>
  <excerpt:encoded><![CDATA[Close-up image of programmer working at his desk in office]]></excerpt:encoded>
  <wp:post_id>49</wp:post_id>
  <wp:post_date>2025-02-10 19:43:01</wp:post_date>
  <wp:post_date_gmt>2025-02-11 00:43:01</wp:post_date_gmt>
  <wp:post_modified>2025-02-10 19:43:01</wp:post_modified>
  <wp:post_modified_gmt>2025-02-11 00:43:01</wp:post_modified_gmt>
  <wp:comment_status>open</wp:comment_status>
  <wp:ping_status>closed</wp:ping_status>
  <wp:post_name>freelance-programmer-3</wp:post_name>
  <wp:status>inherit</wp:status>
  <wp:post_parent>21</wp:post_parent>
  <wp:menu_order>0</wp:menu_order>
  <wp:post_type>attachment</wp:post_type>
  <wp:post_password/>
  <wp:is_sticky>0</wp:is_sticky>
  <wp:attachment_url>https://melaniarocasanchez.wordpress.com/wp-content/uploads/2025/02/contacto-melani-aroca-1.jpg</wp:attachment_url>
  <wp:postmeta>
    <wp:meta_key>_wp_attached_file</wp:meta_key>
    <wp:meta_value><![CDATA[/home/wpcom/public_html/wp-content/blogs.dir/7b5/241161993/files/2025/02/contacto-melani-aroca-1.jpg]]></wp:meta_value>
  </wp:postmeta>
  <wp:postmeta>
    <wp:meta_key>_wp_attachment_metadata</wp:meta_key>
    <wp:meta_value><![CDATA[a:6:{s:5:"width";i:7360;s:6:"height";i:4912;s:4:"file";s:100:"/home/wpcom/public_html/wp-content/blogs.dir/7b5/241161993/files/2025/02/contacto-melani-aroca-1.jpg";s:8:"filesize";i:15769238;s:5:"sizes";a:0:{}s:10:"image_meta";a:12:{s:8:"aperture";s:3:"6.3";s:6:"credit";s:0:"";s:6:"camera";s:11:"NIKON D800E";s:7:"caption";s:58:"Close-up image of programmer working at his desk in office";s:17:"created_timestamp";s:10:"1507271016";s:9:"copyright";s:0:"";s:12:"focal_length";s:2:"60";s:3:"iso";s:4:"1000";s:13:"shutter_speed";s:6:"0.0125";s:5:"title";s:20:"Freelance programmer";s:11:"orientation";s:1:"1";s:8:"keywords";a:25:{i:0;s:7:"working";i:1;s:8:"computer";i:2;s:10:"technology";i:3;s:10:"programmer";i:4;s:6:"coding";i:5;s:8:"software";i:6;s:9:"developer";i:7;s:6:"screen";i:8;s:12:"professional";i:9;s:6:"script";i:10;s:7:"drawing";i:11;s:6:"scheme";i:12;s:4:"plan";i:13;s:6:"tablet";i:14;s:5:"hands";i:15;s:4:"late";i:16;s:5:"table";i:17;s:7:"website";i:18;s:9:"computing";i:19;s:3:"job";i:20;s:6:"gadget";i:21;s:12:"appllication";i:22;s:4:"home";i:23;s:9:"outsource";i:24;s:9:"freelance";}}}]]></wp:meta_value>
  </wp:postmeta>
</item>
<item>
  <title><![CDATA[Freelance programmer]]></title>
  <link>https://melaniarocasanchez.wordpress.com/2025/02/10/contacto-3/freelance-programmer-4/</link>
  <pubDate>Tue, 11 Feb 2025 00:53:10 +0000</pubDate>
  <dc:creator>melaniarocabsc</dc:creator>
  <guid isPermaLink="false">http://melaniarocasanchez.files.wordpress.com/2025/02/contacto-melani-aroca-2.jpg</guid>
  <description/>
  <content:encoded><![CDATA[]]></content:encoded>
  <excerpt:encoded><![CDATA[Close-up image of programmer working at his desk in office]]></excerpt:encoded>
  <wp:post_id>55</wp:post_id>
  <wp:post_date>2025-02-10 19:53:10</wp:post_date>
  <wp:post_date_gmt>2025-02-11 00:53:10</wp:post_date_gmt>
  <wp:post_modified>2025-02-10 19:53:10</wp:post_modified>
  <wp:post_modified_gmt>2025-02-11 00:53:10</wp:post_modified_gmt>
  <wp:comment_status>open</wp:comment_status>
  <wp:ping_status>closed</wp:ping_status>
  <wp:post_name>freelance-programmer-4</wp:post_name>
  <wp:status>inherit</wp:status>
  <wp:post_parent>53</wp:post_parent>
  <wp:menu_order>0</wp:menu_order>
  <wp:post_type>attachment</wp:post_type>
  <wp:post_password/>
  <wp:is_sticky>0</wp:is_sticky>
  <wp:attachment_url>https://melaniarocasanchez.wordpress.com/wp-content/uploads/2025/02/contacto-melani-aroca-2.jpg</wp:attachment_url>
  <wp:postmeta>
    <wp:meta_key>_wp_attached_file</wp:meta_key>
    <wp:meta_value><![CDATA[/home/wpcom/public_html/wp-content/blogs.dir/7b5/241161993/files/2025/02/contacto-melani-aroca-2.jpg]]></wp:meta_value>
  </wp:postmeta>
  <wp:postmeta>
    <wp:meta_key>_wp_attachment_metadata</wp:meta_key>
    <wp:meta_value><![CDATA[a:6:{s:5:"width";i:7360;s:6:"height";i:4912;s:4:"file";s:100:"/home/wpcom/public_html/wp-content/blogs.dir/7b5/241161993/files/2025/02/contacto-melani-aroca-2.jpg";s:8:"filesize";i:15769238;s:5:"sizes";a:0:{}s:10:"image_meta";a:12:{s:8:"aperture";s:3:"6.3";s:6:"credit";s:0:"";s:6:"camera";s:11:"NIKON D800E";s:7:"caption";s:58:"Close-up image of programmer working at his desk in office";s:17:"created_timestamp";s:10:"1507271016";s:9:"copyright";s:0:"";s:12:"focal_length";s:2:"60";s:3:"iso";s:4:"1000";s:13:"shutter_speed";s:6:"0.0125";s:5:"title";s:20:"Freelance programmer";s:11:"orientation";s:1:"1";s:8:"keywords";a:25:{i:0;s:7:"working";i:1;s:8:"computer";i:2;s:10:"technology";i:3;s:10:"programmer";i:4;s:6:"coding";i:5;s:8:"software";i:6;s:9:"developer";i:7;s:6:"screen";i:8;s:12:"professional";i:9;s:6:"script";i:10;s:7:"drawing";i:11;s:6:"scheme";i:12;s:4:"plan";i:13;s:6:"tablet";i:14;s:5:"hands";i:15;s:4:"late";i:16;s:5:"table";i:17;s:7:"website";i:18;s:9:"computing";i:19;s:3:"job";i:20;s:6:"gadget";i:21;s:12:"appllication";i:22;s:4:"home";i:23;s:9:"outsource";i:24;s:9:"freelance";}}}]]></wp:meta_value>
  </wp:postmeta>
</item>
  </channel>
</rss>
